filename	decision	color_mad	color_p95_diff	width	height
000002.png	reject	16.5297	31.3333	512	256
000013.png	reject	12.0266	26.3333	512	256
000014.png	reject	10.1062	28.6667	512	256
000015.png	reject	9.6383	23.3333	512	256
000018.png	reject	11.4209	30.0000	512	256
000022.png	reject	12.3433	22.3333	512	256
000023.png	reject	10.7697	23.3333	512	256
000025.png	reject	11.7387	30.3333	512	256
000029.png	reject	22.3885	38.6667	512	256
000030.png	reject	20.2113	36.0000	512	256
000037.png	reject	8.4572	24.3333	512	256
000045.png	reject	11.9996	23.6667	512	256
000046.png	reject	10.6272	33.0000	512	256
000053.png	reject	10.1941	25.6667	512	256
000056.png	reject	19.5019	31.6667	512	256
000058.png	reject	21.8467	37.3333	512	256
000059.png	reject	13.4316	18.3333	512	256
000060.png	reject	7.6966	26.6667	512	256
000061.png	reject	14.2655	30.6667	512	256
000062.png	reject	13.7784	24.6667	512	256
000068.png	reject	8.4804	23.0000	512	256
000071.png	reject	10.9334	21.6667	512	256
000074.png	reject	12.2014	23.6667	512	256
000075.png	reject	8.8757	26.6667	512	256
000078.png	reject	10.0395	27.6667	512	256
000088.png	reject	22.2997	30.3333	512	256
000091.png	reject	7.8764	24.3333	512	256
000093.png	reject	15.4739	26.0000	512	256
000104.png	reject	16.4680	29.0000	512	256
000106.png	reject	16.3268	34.6667	512	256
000109.png	reject	14.9318	27.6667	512	256
000118.png	reject	22.9870	39.0000	512	256
000121.png	reject	10.3603	22.0000	512	256
000122.png	reject	12.6764	27.0000	512	256
000123.png	reject	8.9462	26.3333	512	256
000126.png	reject	15.5855	55.3333	512	256
000133.png	reject	18.2376	33.6667	512	256
000136.png	reject	10.0851	31.3333	512	256
000137.png	reject	26.1370	47.3333	512	256
000142.png	reject	17.7840	47.3333	512	256
000149.png	reject	12.0569	42.0000	512	256
000152.png	reject	8.4198	26.6667	512	256
000154.png	reject	12.8454	23.0000	512	256
000158.png	reject	12.3353	26.0000	512	256
000165.png	reject	19.2297	48.3333	512	256
000168.png	reject	10.6160	30.0000	512	256
000169.png	reject	11.9297	22.6667	512	256
000174.png	reject	13.5805	36.3333	512	256
000184.png	reject	6.3687	23.6667	512	256
000186.png	reject	16.3765	41.0000	512	256
000194.png	reject	22.8034	37.0000	512	256
000198.png	reject	14.7747	29.6667	512	256
000200.png	reject	20.1997	53.6667	512	256
000201.png	reject	9.5199	25.6667	512	256
000202.png	reject	13.3673	29.0000	512	256
000205.png	reject	14.8782	26.0000	512	256
000210.png	reject	12.3885	31.0000	512	256
000216.png	reject	10.1111	22.6667	512	256
000217.png	reject	20.0136	44.0000	512	256
000218.png	reject	10.7312	24.3333	512	256
000226.png	reject	6.4945	26.3333	512	256
000229.png	reject	13.6951	29.6667	512	256
000233.png	reject	16.8672	41.0000	512	256
000234.png	reject	15.1919	36.3333	512	256
000245.png	reject	16.4291	38.0000	512	256
000248.png	reject	13.0271	27.3333	512	256
000249.png	reject	14.0634	26.0000	512	256
000250.png	reject	13.9380	38.3333	512	256
000253.png	reject	13.9254	35.4167	512	256
000260.png	reject	13.9434	27.3333	512	256
000263.png	reject	10.5948	17.3333	512	256
000265.png	reject	13.7767	23.6667	512	256
000266.png	reject	12.9766	30.0000	512	256
000269.png	reject	20.8712	43.0000	512	256
000270.png	reject	15.8376	55.3333	512	256
000281.png	reject	15.1186	37.3333	512	256
000282.png	reject	9.1533	23.3333	512	256
000285.png	reject	24.2207	42.3333	512	256
000286.png	reject	15.3950	26.6667	512	256
000295.png	reject	9.7973	23.0000	512	256
000298.png	reject	10.9794	29.3333	512	256
000301.png	reject	11.0334	33.0000	512	256
000302.png	reject	10.4088	28.3333	512	256
000315.png	reject	19.5979	42.3333	512	256
000322.png	reject	13.5387	27.3333	512	256
000325.png	reject	10.0209	27.3333	512	256
000329.png	reject	14.3472	27.3333	512	256
000345.png	reject	18.0599	44.3333	512	256
000346.png	reject	28.7762	52.6667	512	256
000349.png	reject	10.8684	19.3333	512	256
000361.png	reject	11.8391	26.0000	512	256
000362.png	reject	13.3570	28.6667	512	256
000366.png	reject	13.1329	28.0000	512	256
000377.png	reject	13.2600	33.6667	512	256
000378.png	reject	21.0862	48.0000	512	256
000383.png	reject	12.3499	20.6667	512	256
000389.png	reject	12.7040	40.3333	512	256
000393.png	reject	9.7684	26.0000	512	256
000394.png	reject	17.6788	57.0000	512	256
000409.png	reject	10.5544	34.6667	512	256
000410.png	reject	25.7101	46.3333	512	256
000412.png	reject	12.5417	23.3333	512	256
000426.png	reject	22.0170	42.3333	512	256
000429.png	reject	13.1554	25.3333	512	256
000430.png	reject	14.0315	38.6667	512	256
000434.png	reject	11.4442	27.3333	512	256
000445.png	reject	12.6923	21.6667	512	256
000446.png	reject	13.5640	26.0000	512	256
000453.png	reject	10.1257	26.6667	512	256
000457.png	reject	21.1322	41.3333	512	256
000458.png	reject	12.6706	39.6667	512	256
000461.png	reject	16.9959	38.0000	512	256
000462.png	reject	12.4210	23.6667	512	256
000471.png	reject	14.2576	24.6667	512	256
000473.png	reject	15.9381	34.3333	512	256
000474.png	reject	14.2120	41.6667	512	256
000476.png	reject	10.5866	22.0000	512	256
000477.png	reject	10.6064	24.3333	512	256
000485.png	reject	15.4184	31.0000	512	256
000490.png	reject	17.0900	35.0000	512	256
000492.png	reject	8.0134	23.3333	512	256
000493.png	reject	12.3439	23.6667	512	256
000500.png	reject	10.8791	32.0000	512	256
000503.png	reject	10.8914	20.0000	512	256
000504.png	reject	9.2262	29.0000	512	256
000505.png	reject	9.3873	23.0000	512	256
000506.png	reject	10.2338	28.3333	512	256
000521.png	reject	22.6406	48.6667	512	256
000522.png	reject	11.0061	29.3333	512	256
000538.png	reject	10.3184	23.0000	512	256
000541.png	reject	16.0916	25.0000	512	256
000552.png	reject	11.8655	21.6667	512	256
000553.png	reject	15.8654	43.3333	512	256
000554.png	reject	24.5580	53.0000	512	256
000557.png	reject	14.2177	28.6667	512	256
000570.png	reject	12.9590	48.0000	512	256
000586.png	reject	8.0686	23.3333	512	256
000588.png	reject	10.6128	15.3333	512	256
000589.png	reject	21.9324	67.6667	512	256
000596.png	reject	11.6245	19.6667	512	256
000598.png	reject	11.8424	22.0000	512	256
000602.png	reject	12.2526	33.6667	512	256
000618.png	reject	16.7152	33.0000	512	256
000622.png	reject	13.9965	27.3333	512	256
000634.png	reject	18.2611	38.3333	512	256
000650.png	reject	22.8403	56.3333	512	256
000654.png	reject	9.0845	26.3333	512	256
000662.png	reject	11.1307	32.0000	512	256
000666.png	reject	14.0229	39.6667	512	256
000676.png	reject	13.0813	16.6667	512	256
000679.png	reject	10.0024	17.0000	512	256
000682.png	reject	23.5731	46.6667	512	256
000690.png	reject	10.1132	18.6667	512	256
000692.png	reject	7.5404	23.6667	512	256
000694.png	reject	16.8945	33.6667	512	256
000696.png	reject	28.6348	61.0000	512	256
000702.png	reject	15.4423	41.3333	512	256
000707.png	reject	8.9680	24.0000	512	256
000714.png	reject	15.0848	35.3333	512	256
000733.png	reject	15.5816	32.0000	512	256
000734.png	reject	11.6475	26.6667	512	256
000741.png	reject	11.3913	20.6667	512	256
000746.png	reject	12.7632	20.6667	512	256
000750.png	reject	10.3836	29.3333	512	256
000758.png	reject	17.5173	29.6667	512	256
000762.png	reject	14.4247	35.3333	512	256
000765.png	reject	13.4677	43.6667	512	256
000774.png	reject	5.4339	22.6667	512	256
000778.png	reject	9.9389	29.3333	512	256
000790.png	reject	11.3157	19.6667	512	256
000794.png	reject	11.1783	26.0000	512	256
000803.png	reject	11.3321	30.0000	512	256
000813.png	reject	19.2133	36.0000	512	256
000829.png	reject	10.4494	25.3333	512	256
000838.png	reject	7.6109	23.3333	512	256
000840.png	reject	11.4653	16.6667	512	256
000842.png	reject	10.9036	23.3333	512	256
000845.png	reject	10.2874	29.6667	512	256
000846.png	reject	13.3920	22.6667	512	256
000853.png	reject	12.9199	25.3333	512	256
000858.png	reject	9.7346	24.0000	512	256
000861.png	reject	14.7198	29.0000	512	256
000869.png	reject	25.6063	51.3333	512	256
000873.png	reject	16.5471	34.6667	512	256
000877.png	reject	25.0480	47.6667	512	256
000887.png	reject	11.1250	17.3333	512	256
000896.png	reject	5.8612	36.3333	512	256
000900.png	reject	12.9744	32.6667	512	256
000904.png	reject	12.2440	23.3333	512	256
000906.png	reject	9.3624	28.4167	512	256
000910.png	reject	16.5730	33.3333	512	256
000913.png	reject	17.0936	43.6667	512	256
000921.png	reject	15.4172	21.0000	512	256
000922.png	reject	11.6800	29.3333	512	256
000923.png	reject	12.8662	28.6667	512	256
000925.png	reject	9.5637	38.6667	512	256
000926.png	reject	9.2028	27.3333	512	256
000932.png	reject	14.3919	24.6667	512	256
000933.png	reject	11.0857	28.0000	512	256
000939.png	reject	14.2551	36.0000	512	256
000945.png	reject	10.5525	15.3333	512	256
000948.png	reject	10.4162	31.0000	512	256
000949.png	reject	11.8493	43.0000	512	256
000954.png	reject	8.5922	25.6667	512	256
000956.png	reject	18.4612	53.6667	512	256
000957.png	reject	14.2458	31.0000	512	256
000970.png	reject	7.3161	24.6667	512	256
000972.png	reject	10.6114	20.3333	512	256
000973.png	reject	13.5844	44.6667	512	256
000974.png	reject	12.0901	45.6667	512	256
000998.png	reject	8.1715	22.3333	512	256
001007.png	reject	10.5893	25.0000	512	256
001013.png	reject	23.6715	46.6667	512	256
001014.png	reject	12.0665	30.0000	512	256
001017.png	reject	12.0720	23.0000	512	256
001019.png	reject	9.5662	31.0000	512	256
001028.png	reject	11.0974	17.6667	512	256
001030.png	reject	9.8850	29.6667	512	256
001035.png	reject	11.6093	34.6667	512	256
001036.png	reject	24.5924	57.0000	512	256
001037.png	reject	14.5391	35.6667	512	256
001045.png	reject	17.0695	40.0000	512	256
001049.png	reject	22.0069	35.3333	512	256
001053.png	reject	11.8031	24.6667	512	256
001059.png	reject	11.8111	20.3333	512	256
001061.png	reject	12.6157	29.0000	512	256
001066.png	reject	13.4634	21.3333	512	256
001068.png	reject	9.5283	22.3333	512	256
001070.png	reject	12.5600	31.0000	512	256
001079.png	reject	10.1171	20.6667	512	256
001080.png	reject	12.0254	34.0000	512	256
001084.png	reject	9.8250	24.6667	512	256
001085.png	reject	11.4867	29.0000	512	256
001095.png	reject	8.2632	23.0000	512	256
001101.png	reject	11.0892	25.6667	512	256
001110.png	reject	16.7046	31.6667	512	256
001111.png	reject	14.5402	32.6667	512	256
001116.png	reject	10.7341	24.6667	512	256
001117.png	reject	12.0912	33.0000	512	256
001125.png	reject	19.3356	43.6667	512	256
001127.png	reject	8.1752	22.6667	512	256
001132.png	reject	21.2959	50.6667	512	256
001134.png	reject	11.7143	36.0000	512	256
001143.png	reject	10.7304	27.3333	512	256
001148.png	reject	20.3536	39.3333	512	256
001149.png	reject	15.5670	33.6667	512	256
001150.png	reject	7.4036	25.0000	512	256
001165.png	reject	13.7104	30.0000	512	256
001171.png	reject	16.9705	35.6667	512	256
001173.png	reject	14.3909	46.3333	512	256
001175.png	reject	13.4743	30.6667	512	256
001178.png	reject	13.8587	22.3333	512	256
001180.png	reject	15.6313	32.0000	512	256
001181.png	reject	20.0511	35.0000	512	256
001182.png	reject	10.2691	23.3333	512	256
001190.png	reject	10.4442	25.6667	512	256
001191.png	reject	13.0938	24.3333	512	256
001197.png	reject	12.5097	30.3333	512	256
001203.png	reject	11.8151	19.6667	512	256
001209.png	reject	25.1649	110.3333	512	256
001212.png	reject	8.7039	27.3333	512	256
001213.png	reject	12.1461	23.6667	512	256
001214.png	reject	9.4933	26.0000	512	256
001217.png	reject	28.4984	45.6667	512	256
001223.png	reject	8.0587	25.0000	512	256
001228.png	reject	18.0486	42.3333	512	256
001229.png	reject	11.9209	25.0000	512	256
001244.png	reject	9.5305	25.3333	512	256
001261.png	reject	8.9760	23.0000	512	256
001265.png	reject	10.9185	27.0000	512	256
001269.png	reject	14.9771	22.0000	512	256
001276.png	reject	22.5919	45.3333	512	256
001284.png	reject	9.0898	25.3333	512	256
001286.png	reject	19.0607	58.0000	512	256
001290.png	reject	9.2324	24.6667	512	256
001291.png	reject	15.5873	20.6667	512	256
001316.png	reject	8.7907	24.3333	512	256
001318.png	reject	12.2920	24.6667	512	256
001320.png	reject	16.8922	32.3333	512	256
001322.png	reject	11.7528	21.0000	512	256
001329.png	reject	10.0152	21.6667	512	256
001333.png	reject	11.0685	19.0000	512	256
001340.png	reject	13.9827	26.6667	512	256
001341.png	reject	10.1681	23.6667	512	256
001349.png	reject	10.7279	18.6667	512	256
001355.png	reject	36.1068	86.0000	512	256
001357.png	reject	12.3314	38.3333	512	256
001366.png	reject	45.9075	86.0000	512	256
001367.png	reject	14.2040	30.3333	512	256
001371.png	reject	12.3753	23.3333	512	256
001372.png	reject	17.3230	35.3333	512	256
001373.png	reject	18.6334	42.6667	512	256
001381.png	reject	10.0160	23.3333	512	256
001385.png	reject	10.9910	25.0000	512	256
001388.png	reject	18.8707	41.0000	512	256
001389.png	reject	12.0051	40.0000	512	256
001398.png	reject	12.1295	26.0000	512	256
001400.png	reject	17.3428	54.0000	512	256
001401.png	reject	10.7168	22.3333	512	256
001404.png	reject	23.7161	47.6667	512	256
001405.png	reject	17.4735	55.6667	512	256
001409.png	reject	12.3218	26.0000	512	256
001415.png	reject	10.8320	21.3333	512	256
001418.png	reject	35.9206	116.3333	512	256
001419.png	reject	10.9634	19.3333	512	256
001421.png	reject	21.4864	45.3333	512	256
001437.png	reject	37.8983	79.6667	512	256
001445.png	reject	14.5423	29.0000	512	256
001447.png	reject	8.1694	22.3333	512	256
001451.png	reject	11.1975	18.3333	512	256
001452.png	reject	11.2934	29.6667	512	256
001453.png	reject	11.3165	22.0000	512	256
001457.png	reject	11.0292	20.6667	512	256
001458.png	reject	16.2092	29.3333	512	256
001459.png	reject	10.5064	25.3333	512	256
001468.png	reject	10.7753	26.0000	512	256
001469.png	reject	10.4984	31.6667	512	256
001473.png	reject	14.8003	30.0000	512	256
001477.png	reject	10.8087	19.0000	512	256
001478.png	reject	12.3579	19.3333	512	256
001485.png	reject	10.1223	28.0000	512	256
001486.png	reject	13.6508	22.6667	512	256
001489.png	reject	11.9828	25.6667	512	256
001492.png	reject	12.4032	37.0000	512	256
001494.png	reject	14.6546	33.3333	512	256
001496.png	reject	12.4683	20.6667	512	256
001500.png	reject	12.2315	29.3333	512	256
001501.png	reject	12.6840	43.3333	512	256
001511.png	reject	9.2065	23.6667	512	256
001512.png	reject	30.7287	67.0000	512	256
001517.png	reject	12.7785	27.3333	512	256
001521.png	reject	22.3111	52.6667	512	256
001525.png	reject	14.3497	28.6667	512	256
001526.png	reject	12.4364	27.3333	512	256
001528.png	reject	22.4870	43.0000	512	256
001532.png	reject	10.3106	26.0000	512	256
001533.png	reject	13.9423	35.3333	512	256
001543.png	reject	10.6671	25.3333	512	256
001553.png	reject	36.8169	66.3333	512	256
001562.png	reject	12.3180	32.0000	512	256
001564.png	reject	9.2341	24.0000	512	256
001571.png	reject	10.1378	18.0000	512	256
001574.png	reject	26.5683	75.0000	512	256
001578.png	reject	10.2223	28.6667	512	256
001580.png	reject	11.4077	27.3333	512	256
001581.png	reject	12.8960	24.0000	512	256
001585.png	reject	10.4433	17.0000	512	256
001590.png	reject	14.3494	22.0000	512	256
001593.png	reject	12.8216	21.0000	512	256
001594.png	reject	31.8290	58.6667	512	256
001595.png	reject	10.2354	19.3333	512	256
001596.png	reject	22.1232	66.0000	512	256
001597.png	reject	11.0029	18.6667	512	256
001602.png	reject	8.5486	24.6667	512	256
001605.png	reject	13.8402	19.6667	512	256
001606.png	reject	13.3745	27.3333	512	256
001610.png	reject	26.8254	54.6667	512	256
001612.png	reject	9.2915	28.0000	512	256
001613.png	reject	20.6119	49.0000	512	256
001621.png	reject	12.1381	25.6667	512	256
001622.png	reject	17.9921	36.3333	512	256
001624.png	reject	8.1784	28.0000	512	256
001626.png	reject	48.5143	87.3333	512	256
001628.png	reject	20.1923	74.6667	512	256
001629.png	reject	10.3575	21.3333	512	256
001636.png	reject	7.7491	26.3333	512	256
001637.png	reject	11.0893	18.6667	512	256
001641.png	reject	14.4720	27.0000	512	256
001644.png	reject	20.6231	36.6667	512	256
001645.png	reject	16.2379	28.6667	512	256
001653.png	reject	12.8103	24.3333	512	256
001654.png	reject	10.5742	43.3333	512	256
001655.png	reject	10.6571	27.0000	512	256
001660.png	reject	11.2501	22.6667	512	256
001661.png	reject	14.3194	21.0000	512	256
001662.png	reject	16.1786	26.0000	512	256
001666.png	reject	8.0353	25.0000	512	256
001667.png	reject	17.7385	42.6667	512	256
001669.png	reject	11.2048	18.6667	512	256
001670.png	reject	12.1420	20.0000	512	256
001671.png	reject	12.2461	33.0000	512	256
001675.png	reject	14.5293	47.0000	512	256
001683.png	reject	16.9328	35.3333	512	256
001686.png	reject	52.7391	105.6667	512	256
001692.png	reject	15.1810	31.3333	512	256
001693.png	reject	11.3364	25.6667	512	256
001700.png	reject	11.7627	25.6667	512	256
001702.png	reject	32.8081	98.3333	512	256
001708.png	reject	23.7275	43.0000	512	256
001709.png	reject	20.6975	28.6667	512	256
001710.png	reject	20.5447	36.7500	512	256
001713.png	reject	9.1466	24.3333	512	256
001714.png	reject	11.2554	22.3333	512	256
001716.png	reject	10.8456	22.3333	512	256
001720.png	reject	10.6318	20.0000	512	256
001721.png	reject	14.1804	21.3333	512	256
001723.png	reject	10.8474	20.3333	512	256
001724.png	reject	11.3017	21.3333	512	256
001725.png	reject	12.8521	19.3333	512	256
001726.png	reject	19.9016	47.3333	512	256
001732.png	reject	10.3195	21.0000	512	256
001733.png	reject	11.6570	22.0000	512	256
001734.png	reject	11.1315	24.0000	512	256
001740.png	reject	14.7970	32.3333	512	256
001750.png	reject	15.5575	26.3333	512	256
001753.png	reject	10.9668	20.6667	512	256
001755.png	reject	10.1939	16.6667	512	256
001759.png	reject	11.5722	44.6667	512	256
001763.png	reject	13.9902	38.0000	512	256
001765.png	reject	14.5256	22.3333	512	256
001772.png	reject	19.3198	31.3333	512	256
001780.png	reject	10.4154	42.3333	512	256
001781.png	reject	10.0399	21.6667	512	256
001784.png	reject	11.2313	21.6667	512	256
001788.png	reject	15.4510	31.3333	512	256
001793.png	reject	7.3793	39.0000	512	256
001794.png	reject	13.0889	30.6667	512	256
001796.png	reject	10.8904	37.3333	512	256
001803.png	reject	10.4407	15.0000	512	256
001809.png	reject	12.1104	23.3333	512	256
001813.png	reject	11.4275	32.6667	512	256
001826.png	reject	10.6323	26.6667	512	256
001829.png	reject	18.1750	53.6667	512	256
001832.png	reject	13.0315	33.6667	512	256
001837.png	reject	10.1417	27.0000	512	256
001838.png	reject	49.8680	90.6667	512	256
001840.png	reject	6.3255	27.3333	512	256
001841.png	reject	33.7233	87.3333	512	256
001845.png	reject	12.9893	32.6667	512	256
001846.png	reject	17.0114	31.3333	512	256
001848.png	reject	7.8056	22.3333	512	256
001851.png	reject	19.7461	57.3333	512	256
001853.png	reject	9.7459	25.3333	512	256
001854.png	reject	10.3730	22.0000	512	256
001857.png	reject	60.0411	124.0000	512	256
001862.png	reject	8.3284	23.0000	512	256
001867.png	reject	26.7901	54.3333	512	256
001873.png	reject	47.5727	106.6667	512	256
001880.png	reject	9.7942	27.0000	512	256
001883.png	reject	11.1009	20.3333	512	256
001885.png	reject	11.7678	28.0000	512	256
001886.png	reject	11.3432	20.6667	512	256
001889.png	reject	36.9795	107.0000	512	256
001894.png	reject	11.2930	16.3333	512	256
001896.png	reject	9.4959	28.0000	512	256
001905.png	reject	33.8947	71.0000	512	256
001909.png	reject	19.1974	54.3333	512	256
001912.png	reject	10.6026	26.3333	512	256
001916.png	reject	16.8589	30.0000	512	256
001918.png	reject	21.2515	42.3333	512	256
001921.png	reject	31.2283	66.6667	512	256
001924.png	reject	6.3921	24.3333	512	256
001929.png	reject	9.7502	24.0000	512	256
001932.png	reject	10.1129	16.6667	512	256
001934.png	reject	10.4555	22.3333	512	256
001938.png	reject	12.9823	35.6667	512	256
001947.png	reject	15.8445	26.0000	512	256
001948.png	reject	13.9755	37.0000	512	256
001955.png	reject	14.3488	27.0000	512	256
001957.png	reject	13.8085	22.6667	512	256
001958.png	reject	18.7363	30.3333	512	256
001961.png	reject	16.4746	34.6667	512	256
001963.png	reject	11.3693	21.0000	512	256
001964.png	reject	16.2791	34.3333	512	256
001974.png	reject	18.6132	86.0000	512	256
001980.png	reject	16.1156	48.3333	512	256
001988.png	reject	12.8563	37.6667	512	256
001990.png	reject	12.3381	25.6667	512	256
001997.png	reject	11.6939	23.3333	512	256
002000.png	reject	8.5108	24.6667	512	256
002001.png	reject	20.4736	40.0000	512	256
002004.png	reject	8.3381	25.3333	512	256
002005.png	reject	11.9806	21.6667	512	256
002008.png	reject	15.7475	32.6667	512	256
002011.png	reject	7.7957	31.0833	512	256
002017.png	reject	18.5633	42.6667	512	256
002022.png	reject	14.7175	21.3333	512	256
002023.png	reject	63.3179	112.0000	512	256
002025.png	reject	9.4082	35.3333	512	256
002028.png	reject	13.1868	28.3333	512	256
002033.png	reject	30.8664	59.3333	512	256
002034.png	reject	12.2105	23.3333	512	256
002039.png	reject	62.7312	107.0000	512	256
002053.png	reject	26.5082	54.6667	512	256
002054.png	reject	23.0486	99.3333	512	256
002055.png	reject	36.8837	95.0000	512	256
002056.png	reject	13.5896	28.6667	512	256
002059.png	reject	8.0477	31.3333	512	256
002060.png	reject	12.1808	24.0000	512	256
002068.png	reject	16.8230	38.6667	512	256
002070.png	reject	25.2778	64.6667	512	256
002073.png	reject	15.7301	32.3333	512	256
002074.png	reject	8.0274	31.3333	512	256
002084.png	reject	10.8486	40.0000	512	256
002086.png	reject	10.0559	20.3333	512	256
002088.png	reject	9.7257	30.3333	512	256
002100.png	reject	18.7105	31.0000	512	256
002102.png	reject	15.4792	24.0000	512	256
002105.png	reject	14.7107	26.0000	512	256
002107.png	reject	7.6090	24.6667	512	256
002108.png	reject	10.2662	22.3333	512	256
002113.png	reject	12.0014	39.3333	512	256
002117.png	reject	12.7948	27.0000	512	256
002120.png	reject	46.1972	88.3333	512	256
002133.png	reject	37.8240	55.6667	512	256
002135.png	reject	11.8426	22.6667	512	256
002136.png	reject	17.0197	39.3333	512	256
002140.png	reject	15.1825	29.0000	512	256
002147.png	reject	15.5165	38.3333	512	256
002148.png	reject	9.0973	26.3333	512	256
002149.png	reject	27.7118	63.3333	512	256
002152.png	reject	16.5332	34.0000	512	256
002154.png	reject	10.8572	24.0000	512	256
002156.png	reject	13.0730	27.6667	512	256
002158.png	reject	13.1047	19.6667	512	256
002165.png	reject	37.3151	60.6667	512	256
002177.png	reject	7.7410	30.0000	512	256
002181.png	reject	13.8252	31.0000	512	256
002183.png	reject	12.3806	18.3333	512	256
002188.png	reject	11.8361	24.6667	512	256
002194.png	reject	10.6831	31.6667	512	256
002204.png	reject	13.4923	29.0000	512	256
002211.png	reject	10.5974	21.0000	512	256
002215.png	reject	9.7835	32.6667	512	256
002225.png	reject	7.0434	32.0000	512	256
002228.png	reject	12.3629	28.0000	512	256
002229.png	reject	10.5888	23.3333	512	256
002233.png	reject	10.0003	19.6667	512	256
002242.png	reject	13.1158	26.6667	512	256
002245.png	reject	15.4268	32.3333	512	256
002249.png	reject	10.8619	21.0000	512	256
002252.png	reject	16.9076	28.3333	512	256
002260.png	reject	11.9326	18.6667	512	256
002265.png	reject	11.6879	19.0000	512	256
002267.png	reject	10.6199	30.6667	512	256
002268.png	reject	17.6078	31.6667	512	256
002275.png	reject	9.5426	23.0000	512	256
002276.png	reject	10.2662	22.6667	512	256
002279.png	reject	14.9849	53.0000	512	256
002281.png	reject	12.0782	25.6667	512	256
002292.png	reject	10.4677	17.6667	512	256
002293.png	reject	11.8756	17.6667	512	256
002295.png	reject	17.5698	52.6667	512	256
002309.png	reject	12.2029	27.3333	512	256
002313.png	reject	11.2465	23.6667	512	256
002324.png	reject	14.6820	26.3333	512	256
002327.png	reject	11.3424	23.0000	512	256
002340.png	reject	15.2185	31.3333	512	256
002345.png	reject	13.2082	23.6667	512	256
002348.png	reject	17.7721	35.0000	512	256
002359.png	reject	23.7763	71.0000	512	256
002361.png	reject	11.4045	18.6667	512	256
002380.png	reject	11.2621	30.6667	512	256
002388.png	reject	11.0835	23.3333	512	256
002389.png	reject	17.0124	27.0000	512	256
002401.png	reject	11.5468	43.0000	512	256
002404.png	reject	12.5229	21.0000	512	256
002409.png	reject	41.5208	89.6667	512	256
002419.png	reject	9.1644	22.3333	512	256
002420.png	reject	9.2595	24.3333	512	256
002422.png	reject	13.0756	21.0000	512	256
002428.png	reject	17.5053	34.3333	512	256
002436.png	reject	8.0550	23.0000	512	256
002438.png	reject	17.0348	38.3333	512	256
002450.png	reject	10.8080	23.3333	512	256
002453.png	reject	10.9310	33.6667	512	256
002454.png	reject	35.8609	76.0000	512	256
002468.png	reject	13.2987	22.6667	512	256
002469.png	reject	15.0584	39.0000	512	256
002470.png	reject	16.6287	37.0000	512	256
002473.png	reject	7.9768	23.3333	512	256
002476.png	reject	29.9891	57.3333	512	256
002484.png	reject	11.3319	22.6667	512	256
002486.png	reject	36.6971	75.0000	512	256
002499.png	reject	14.9420	31.0000	512	256
002502.png	reject	13.8349	30.3333	512	256
002505.png	reject	8.6175	24.6667	512	256
002513.png	reject	10.0312	35.0000	512	256
002514.png	reject	11.1379	26.6667	512	256
002517.png	reject	27.8467	54.6667	512	256
002518.png	reject	42.5242	99.0000	512	256
002519.png	reject	27.9087	85.6667	512	256
002524.png	reject	10.9177	18.6667	512	256
002532.png	reject	13.2900	19.0000	512	256
002533.png	reject	14.2388	28.3333	512	256
002534.png	reject	7.9679	25.3333	512	256
002540.png	reject	7.2834	22.6667	512	256
002545.png	reject	14.0827	23.0000	512	256
002546.png	reject	21.1516	33.3333	512	256
002550.png	reject	12.0067	26.3333	512	256
002553.png	reject	10.0548	17.3333	512	256
002562.png	reject	14.0706	24.6667	512	256
002564.png	reject	12.3035	22.3333	512	256
002566.png	reject	15.1536	27.6667	512	256
002569.png	reject	13.3372	26.0000	512	256
002570.png	reject	10.6189	42.6667	512	256
002578.png	reject	15.1515	29.0000	512	256
002582.png	reject	12.3056	24.3333	512	256
002585.png	reject	10.8109	21.0000	512	256
002587.png	reject	10.7408	26.3333	512	256
002588.png	reject	22.4345	68.3333	512	256
002598.png	reject	17.8188	50.6667	512	256
002599.png	reject	13.4144	21.6667	512	256
002601.png	reject	13.2101	60.3333	512	256
002604.png	reject	8.3518	27.0000	512	256
002612.png	reject	13.4111	22.3333	512	256
002613.png	reject	11.6916	19.0000	512	256
002614.png	reject	12.9966	35.3333	512	256
002617.png	reject	10.4657	16.6667	512	256
002620.png	reject	10.0284	31.3333	512	256
002621.png	reject	12.7841	31.0000	512	256
002626.png	reject	11.0614	19.3333	512	256
002628.png	reject	12.3370	21.6667	512	256
002630.png	reject	21.8496	52.0000	512	256
002637.png	reject	28.2081	75.6667	512	256
002639.png	reject	10.1680	21.0000	512	256
002644.png	reject	12.8326	24.3333	512	256
002646.png	reject	19.2952	40.6667	512	256
002647.png	reject	22.1505	49.0000	512	256
002652.png	reject	17.0304	53.6667	512	256
002660.png	reject	10.8035	19.3333	512	256
002661.png	reject	10.7289	20.3333	512	256
002662.png	reject	16.6782	37.6667	512	256
002663.png	reject	11.7137	45.3333	512	256
002669.png	reject	18.2662	48.3333	512	256
002670.png	reject	22.8169	53.0000	512	256
002673.png	reject	21.6410	40.6667	512	256
002678.png	reject	26.7062	67.3333	512	256
002679.png	reject	13.3807	47.3333	512	256
002682.png	reject	16.8925	36.3333	512	256
002687.png	reject	16.3481	34.0000	512	256
002690.png	reject	18.0584	46.0000	512	256
002693.png	reject	10.1571	27.0000	512	256
002694.png	reject	33.7860	56.6667	512	256
002695.png	reject	12.2338	19.6667	512	256
002697.png	reject	11.2929	26.6667	512	256
002709.png	reject	8.5037	25.0000	512	256
002710.png	reject	10.3478	19.6667	512	256
002711.png	reject	17.2354	71.6667	512	256
002714.png	reject	11.9687	28.6667	512	256
002726.png	reject	9.3126	24.6667	512	256
002727.png	reject	19.6197	60.6667	512	256
002737.png	reject	10.0839	17.6667	512	256
002741.png	reject	15.6809	31.3333	512	256
002742.png	reject	20.3971	46.0000	512	256
002744.png	reject	19.6167	41.6667	512	256
002758.png	reject	19.8715	56.0000	512	256
002759.png	reject	16.1999	37.3333	512	256
002774.png	reject	32.0660	47.0000	512	256
002783.png	reject	11.6340	24.3333	512	256
002785.png	reject	15.7564	25.3333	512	256
002787.png	reject	14.7439	49.6667	512	256
002788.png	reject	16.9548	33.6667	512	256
002789.png	reject	10.3423	20.3333	512	256
002790.png	reject	21.6423	72.6667	512	256
002791.png	reject	12.6097	52.0000	512	256
002792.png	reject	8.8822	22.6667	512	256
002797.png	reject	9.1113	35.3333	512	256
002801.png	reject	10.0706	17.3333	512	256
002805.png	reject	14.5568	30.0000	512	256
002806.png	reject	13.3107	32.0000	512	256
002807.png	reject	32.0829	64.6667	512	256
002813.png	reject	7.1177	22.6667	512	256
002815.png	reject	13.8201	40.3333	512	256
002817.png	reject	14.0679	26.0000	512	256
002821.png	reject	10.2128	27.6667	512	256
002822.png	reject	12.7933	35.6667	512	256
002823.png	reject	12.6091	27.6667	512	256
002831.png	reject	14.5358	26.0000	512	256
002832.png	reject	10.0076	16.3333	512	256
002833.png	reject	12.8106	37.6667	512	256
002834.png	reject	17.5600	36.3333	512	256
002835.png	reject	10.1450	26.0833	512	256
002836.png	reject	12.1677	21.6667	512	256
002837.png	reject	11.5778	26.6667	512	256
002838.png	reject	19.5974	44.0000	512	256
002839.png	reject	15.7524	40.3333	512	256
002841.png	reject	11.3797	18.6667	512	256
002845.png	reject	24.1312	74.3333	512	256
002854.png	reject	13.3842	49.6667	512	256
002857.png	reject	12.5622	20.0000	512	256
002858.png	reject	7.4198	30.6667	512	256
002865.png	reject	9.3910	22.3333	512	256
002870.png	reject	30.2486	54.3333	512	256
002871.png	reject	12.2325	24.0000	512	256
002874.png	reject	13.7395	22.3333	512	256
002879.png	reject	11.4742	21.0000	512	256
002881.png	reject	15.9396	28.0000	512	256
002884.png	reject	8.2800	27.3333	512	256
002885.png	reject	10.4879	29.6667	512	256
002887.png	reject	11.0168	19.0000	512	256
002895.png	reject	17.0366	29.0000	512	256
002897.png	reject	14.8666	59.3333	512	256
002900.png	reject	17.8389	28.3333	512	256
002901.png	reject	10.1362	24.0000	512	256
002902.png	reject	11.4702	26.0000	512	256
002903.png	reject	8.5860	23.3333	512	256
002911.png	reject	16.8806	48.3333	512	256
002914.png	reject	7.6200	22.6667	512	256
002917.png	reject	13.3997	25.3333	512	256
002922.png	reject	13.9828	46.6667	512	256
002927.png	reject	9.1001	22.3333	512	256
002929.png	reject	11.7324	27.0000	512	256
002931.png	reject	11.2867	27.6667	512	256
002932.png	reject	15.0008	28.6667	512	256
002933.png	reject	16.4165	33.3333	512	256
002934.png	reject	10.4581	22.3333	512	256
002939.png	reject	8.0316	23.0000	512	256
002943.png	reject	22.9967	36.3333	512	256
002945.png	reject	12.7506	35.6667	512	256
002948.png	reject	21.1701	36.3333	512	256
002949.png	reject	8.8898	41.0000	512	256
002959.png	reject	18.9544	31.3333	512	256
002961.png	reject	13.9543	38.6667	512	256
002965.png	reject	14.4092	26.3333	512	256
002969.png	reject	11.6128	25.6667	512	256
002977.png	reject	11.6639	28.3333	512	256
002981.png	reject	15.3734	27.6667	512	256
002982.png	reject	21.1198	60.0000	512	256
002991.png	reject	38.7600	71.0000	512	256
002993.png	reject	16.7281	28.0000	512	256
002997.png	reject	10.5856	20.3333	512	256
003001.png	reject	15.1904	41.0000	512	256
003029.png	reject	9.0988	23.3333	512	256
003030.png	reject	13.9616	32.3333	512	256
003031.png	reject	12.5369	33.6667	512	256
003041.png	reject	9.4297	40.6667	512	256
003044.png	reject	10.5499	19.0000	512	256
003045.png	reject	10.9104	47.0000	512	256
003047.png	reject	10.9747	23.0000	512	256
003055.png	reject	14.1861	27.3333	512	256
003073.png	reject	17.7808	33.0000	512	256
003077.png	reject	14.7675	31.3333	512	256
003078.png	reject	28.3174	91.3333	512	256
003087.png	reject	20.8802	44.6667	512	256
003093.png	reject	14.0168	22.0000	512	256
003094.png	reject	16.2902	29.0000	512	256
003103.png	reject	18.1003	39.0000	512	256
003109.png	reject	11.4359	23.6667	512	256
003111.png	reject	11.5672	30.0000	512	256
003119.png	reject	19.8655	43.0000	512	256
003121.png	reject	13.6401	44.6667	512	256
003125.png	reject	10.7559	25.0000	512	256
003126.png	reject	13.5860	39.0000	512	256
003127.png	reject	31.8726	47.6667	512	256
003135.png	reject	20.6957	36.6667	512	256
003140.png	reject	11.5523	21.6667	512	256
003151.png	reject	35.9968	55.3333	512	256
003155.png	reject	12.5654	23.3333	512	256
003159.png	reject	9.1846	22.3333	512	256
003163.png	reject	12.1895	24.3333	512	256
003165.png	reject	10.0233	42.6667	512	256
003167.png	reject	32.1850	64.3333	512	256
003173.png	reject	13.4568	32.3333	512	256
003175.png	reject	11.2451	24.6667	512	256
003180.png	reject	20.2399	38.3333	512	256
003182.png	reject	10.2701	20.3333	512	256
003185.png	reject	11.8235	20.0000	512	256
003198.png	reject	10.8335	22.0000	512	256
003202.png	reject	31.5361	97.3333	512	256
003204.png	reject	14.5849	30.0000	512	256
003205.png	reject	13.5068	27.0000	512	256
003206.png	reject	7.1948	27.0000	512	256
003207.png	reject	12.6923	24.6667	512	256
003213.png	reject	8.2665	25.4167	512	256
003217.png	reject	25.7899	39.6667	512	256
003219.png	reject	13.2327	18.3333	512	256
003220.png	reject	13.2615	30.0000	512	256
003222.png	reject	21.6242	46.6667	512	256
003223.png	reject	20.6977	42.3333	512	256
003231.png	reject	37.2898	61.3333	512	256
003233.png	reject	11.1837	19.3333	512	256
003238.png	reject	19.0664	48.3333	512	256
003249.png	reject	18.2801	36.3333	512	256
003251.png	reject	10.9042	19.0000	512	256
003252.png	reject	30.6427	48.6667	512	256
003253.png	reject	10.9731	19.3333	512	256
003260.png	reject	15.7922	48.0000	512	256
003261.png	reject	15.2775	33.6667	512	256
003263.png	reject	19.8652	62.0000	512	256
003264.png	reject	37.1332	57.0000	512	256
003267.png	reject	23.9225	35.0000	512	256
003268.png	reject	10.4461	28.0000	512	256
003271.png	reject	12.1309	27.0000	512	256
003277.png	reject	20.8169	45.3333	512	256
003279.png	reject	27.6700	51.6667	512	256
003280.png	reject	14.9361	49.0000	512	256
003283.png	reject	23.1585	80.6667	512	256
003284.png	reject	10.1681	31.3333	512	256
003287.png	reject	15.2722	34.3333	512	256
003295.png	reject	46.5832	106.0000	512	256
003297.png	reject	10.4702	32.6667	512	256
003299.png	reject	30.5047	50.3333	512	256
003300.png	reject	10.1221	15.6667	512	256
003311.png	reject	26.3310	48.3333	512	256
003319.png	reject	11.0041	28.0000	512	256
003327.png	reject	47.4914	77.0000	512	256
003329.png	reject	8.9087	24.6667	512	256
003342.png	reject	14.7840	36.0000	512	256
003343.png	reject	14.1634	27.0000	512	256
003344.png	reject	11.4999	19.0000	512	256
003345.png	reject	18.8795	30.3333	512	256
003358.png	reject	10.6487	23.6667	512	256
003366.png	reject	15.6869	45.0000	512	256
003370.png	reject	18.7484	43.6667	512	256
003375.png	reject	32.2549	61.6667	512	256
003377.png	reject	21.1797	40.0000	512	256
003380.png	reject	15.5662	22.0000	512	256
003382.png	reject	7.9740	31.6667	512	256
003386.png	reject	22.6568	46.3333	512	256
003391.png	reject	16.2041	70.0000	512	256
003393.png	reject	16.5523	29.0000	512	256
003402.png	reject	6.6454	31.0000	512	256
003407.png	reject	27.4444	64.3333	512	256
003409.png	reject	19.4124	46.0000	512	256
003412.png	reject	10.0628	17.3333	512	256
003418.png	reject	32.8182	48.6667	512	256
003421.png	reject	21.7692	42.0000	512	256
003423.png	reject	40.5154	93.0000	512	256
003445.png	reject	17.7276	65.3333	512	256
003450.png	reject	16.2938	35.6667	512	256
003456.png	reject	10.5880	15.6667	512	256
003457.png	reject	10.4566	19.6667	512	256
003460.png	reject	24.0324	43.3333	512	256
003466.png	reject	9.2045	22.6667	512	256
003468.png	reject	15.1892	33.0000	512	256
003469.png	reject	6.7431	29.3333	512	256
003472.png	reject	14.0280	20.6667	512	256
003473.png	reject	13.0005	21.6667	512	256
003476.png	reject	11.6354	33.3333	512	256
003480.png	reject	23.4404	61.3333	512	256
003482.png	reject	34.1769	78.3333	512	256
003484.png	reject	16.2204	42.3333	512	256
003485.png	reject	27.8725	44.0000	512	256
003492.png	reject	8.1911	23.0000	512	256
003494.png	reject	20.9167	37.3333	512	256
003495.png	reject	62.8335	112.0000	512	256
003498.png	reject	19.4133	35.0000	512	256
003511.png	reject	10.3792	21.0000	512	256
003514.png	reject	16.5437	26.0000	512	256
003517.png	reject	8.4247	25.6667	512	256
003520.png	reject	25.7439	101.6667	512	256
003522.png	reject	13.0906	19.6667	512	256
003524.png	reject	14.4555	31.0000	512	256
003530.png	reject	10.4838	25.6667	512	256
003536.png	reject	12.1998	65.6667	512	256
003540.png	reject	13.8718	26.0000	512	256
003543.png	reject	12.9256	32.6667	512	256
003546.png	reject	28.4331	98.0000	512	256
003548.png	reject	22.4663	44.6667	512	256
003552.png	reject	10.7029	20.0000	512	256
003558.png	reject	16.6740	35.6667	512	256
003559.png	reject	10.8481	22.6667	512	256
003562.png	reject	14.1174	31.6667	512	256
003575.png	reject	13.6726	30.6667	512	256
003576.png	reject	15.1695	35.6667	512	256
003578.png	reject	29.1485	78.6667	512	256
003580.png	reject	14.7743	40.0000	512	256
003592.png	reject	31.9262	86.6667	512	256
003594.png	reject	19.8581	35.0000	512	256
003597.png	reject	14.7445	40.3333	512	256
003602.png	reject	61.2498	93.0000	512	256
003604.png	reject	16.5158	29.0000	512	256
003605.png	reject	7.9702	24.6667	512	256
003608.png	reject	30.0666	65.0000	512	256
003621.png	reject	10.3229	31.6667	512	256
003623.png	reject	9.5175	22.3333	512	256
003626.png	reject	14.9167	28.0000	512	256
003630.png	reject	16.5469	43.3333	512	256
003631.png	reject	6.4943	28.6667	512	256
003640.png	reject	12.9441	37.6667	512	256
003642.png	reject	12.9840	30.0000	512	256
003645.png	reject	35.3103	67.0000	512	256
003655.png	reject	13.2723	27.6667	512	256
003663.png	reject	23.8462	59.6667	512	256
003665.png	reject	10.1132	38.3333	512	256
003668.png	reject	23.5124	43.6667	512	256
003670.png	reject	23.3131	46.6667	512	256
003671.png	reject	12.4243	24.6667	512	256
003678.png	reject	12.3892	41.0000	512	256
003680.png	reject	9.9455	31.3333	512	256
003681.png	reject	7.9639	23.6667	512	256
003687.png	reject	11.1871	30.3333	512	256
003688.png	reject	10.8677	19.3333	512	256
003690.png	reject	9.8752	28.6667	512	256
003692.png	reject	13.5804	27.3333	512	256
003699.png	reject	7.3086	22.3333	512	256
003702.png	reject	15.5796	58.3333	512	256
003704.png	reject	17.8236	42.3333	512	256
003706.png	reject	8.6469	23.3333	512	256
003711.png	reject	15.4957	24.0000	512	256
003714.png	reject	7.1435	25.3333	512	256
003715.png	reject	9.1151	24.0000	512	256
003717.png	reject	11.6301	25.3333	512	256
003718.png	reject	20.7110	53.0000	512	256
003720.png	reject	11.6201	26.0000	512	256
003724.png	reject	25.0598	53.3333	512	256
003725.png	reject	22.7610	32.3333	512	256
003728.png	reject	7.3959	22.6667	512	256
003731.png	reject	13.4135	21.3333	512	256
003733.png	reject	37.0010	69.0000	512	256
003734.png	reject	6.5550	30.0000	512	256
003735.png	reject	8.9118	24.0000	512	256
003736.png	reject	14.7182	31.6667	512	256
003738.png	reject	15.9524	39.3333	512	256
003741.png	reject	16.9013	53.3333	512	256
003743.png	reject	8.2922	25.6667	512	256
003746.png	reject	12.8182	26.0000	512	256
003749.png	reject	23.9513	51.6667	512	256
003750.png	reject	27.8950	58.3333	512	256
003751.png	reject	6.9539	22.3333	512	256
003752.png	reject	27.8315	48.3333	512	256
003753.png	reject	21.0127	45.3333	512	256
003757.png	reject	20.1424	45.0000	512	256
003758.png	reject	9.5631	25.3333	512	256
003762.png	reject	9.7988	28.0000	512	256
003763.png	reject	14.5077	28.0000	512	256
003770.png	reject	15.2385	35.6667	512	256
003778.png	reject	9.9923	27.3333	512	256
003781.png	reject	10.3911	23.0000	512	256
003786.png	reject	28.4826	53.6667	512	256
003791.png	reject	10.0673	23.3333	512	256
003793.png	reject	11.6165	30.3333	512	256
003796.png	reject	9.9702	26.0000	512	256
003798.png	reject	8.2646	25.0000	512	256
003802.png	reject	17.7057	45.3333	512	256
003806.png	reject	25.6968	58.3333	512	256
003810.png	reject	8.8098	26.6667	512	256
003812.png	reject	13.6863	27.6667	512	256
003815.png	reject	11.7800	30.0000	512	256
003818.png	reject	17.8395	33.3333	512	256
003826.png	reject	14.8137	44.0000	512	256
003830.png	reject	11.2935	34.3333	512	256
003832.png	reject	28.4098	56.3333	512	256
003834.png	reject	18.9158	59.0000	512	256
003838.png	reject	8.5011	28.6667	512	256
003839.png	reject	13.5108	30.3333	512	256
003840.png	reject	13.4629	19.3333	512	256
003842.png	reject	24.3238	47.0000	512	256
003843.png	reject	13.6068	27.3333	512	256
003845.png	reject	24.2052	65.0000	512	256
003846.png	reject	8.7457	46.6667	512	256
003847.png	reject	11.3960	27.3333	512	256
003848.png	reject	15.2329	34.6667	512	256
003850.png	reject	12.5453	32.6667	512	256
003856.png	reject	13.4780	24.0000	512	256
003860.png	reject	13.1327	29.3333	512	256
003861.png	reject	7.8549	24.6667	512	256
003864.png	reject	16.3759	39.0000	512	256
003865.png	reject	14.3963	34.3333	512	256
003866.png	reject	12.4686	25.0000	512	256
003871.png	reject	9.4351	26.0000	512	256
003873.png	reject	16.0231	55.6667	512	256
003875.png	reject	15.5521	30.3333	512	256
003876.png	reject	15.3326	37.3333	512	256
003878.png	reject	14.5192	59.0000	512	256
003880.png	reject	22.6668	45.0000	512	256
003882.png	reject	12.9786	33.3333	512	256
003886.png	reject	11.4251	23.6667	512	256
003889.png	reject	10.4002	34.3333	512	256
003892.png	reject	11.8588	27.3333	512	256
003896.png	reject	40.9587	70.0000	512	256
003898.png	reject	11.3175	33.3333	512	256
003901.png	reject	14.3828	46.3333	512	256
003908.png	reject	12.4248	24.0000	512	256
003909.png	reject	10.3505	26.3333	512	256
003912.png	reject	49.5091	75.3333	512	256
003914.png	reject	7.7910	25.3333	512	256
003926.png	reject	8.9021	45.0000	512	256
003928.png	reject	48.1694	91.6667	512	256
003929.png	reject	15.1040	33.3333	512	256
003935.png	reject	10.2327	22.3333	512	256
003937.png	reject	28.8128	69.6667	512	256
003939.png	reject	18.2126	29.3333	512	256
003942.png	reject	19.1326	42.6667	512	256
003944.png	reject	26.0594	76.6667	512	256
003946.png	reject	26.7296	59.3333	512	256
003957.png	reject	12.0665	29.3333	512	256
003958.png	reject	27.4812	50.6667	512	256
003960.png	reject	29.0872	41.3333	512	256
003962.png	reject	18.1317	41.0000	512	256
003972.png	reject	10.8869	21.0000	512	256
003973.png	reject	7.0462	26.0000	512	256
003974.png	reject	25.8355	55.6667	512	256
003976.png	reject	27.3481	62.6667	512	256
003978.png	reject	12.6738	30.6667	512	256
003983.png	reject	20.2163	41.3333	512	256
003985.png	reject	10.2192	20.3333	512	256
003986.png	reject	19.6519	90.6667	512	256
003987.png	reject	14.2156	27.3333	512	256
003988.png	reject	10.0085	20.3333	512	256
003990.png	reject	21.1885	37.0000	512	256
003992.png	reject	13.8977	61.3333	512	256
003994.png	reject	37.7506	82.3333	512	256
003998.png	reject	11.4980	28.0000	512	256
004004.png	reject	10.2915	22.0000	512	256
004006.png	reject	26.0009	49.0000	512	256
004008.png	reject	29.3594	66.0000	512	256
004009.png	reject	24.3949	61.3333	512	256
004010.png	reject	19.8887	41.0000	512	256
004016.png	reject	10.7756	27.3333	512	256
004017.png	reject	11.3201	18.6667	512	256
004018.png	reject	9.8346	36.0000	512	256
004019.png	reject	12.1540	25.6667	512	256
004024.png	reject	23.2608	45.3333	512	256
004026.png	reject	13.0554	26.6667	512	256
004031.png	reject	25.1997	52.3333	512	256
004035.png	reject	14.7409	26.6667	512	256
004039.png	reject	9.6678	25.3333	512	256
004040.png	reject	27.7226	71.6667	512	256
004046.png	reject	15.4484	45.0000	512	256
004051.png	reject	12.2151	36.0000	512	256
004052.png	reject	13.6034	25.3333	512	256
004054.png	reject	15.6148	56.6667	512	256
004056.png	reject	26.0340	60.6667	512	256
004062.png	reject	20.6832	48.3333	512	256
004064.png	reject	15.1386	39.0000	512	256
004065.png	reject	10.2572	18.0000	512	256
004066.png	reject	15.9971	72.3333	512	256
004067.png	reject	11.2557	23.0000	512	256
004068.png	reject	18.7249	33.6667	512	256
004070.png	reject	15.6578	42.3333	512	256
004072.png	reject	31.6201	64.6667	512	256
004077.png	reject	4.8470	26.0000	512	256
004083.png	reject	33.8909	71.0000	512	256
004086.png	reject	17.3199	57.6667	512	256
004090.png	reject	10.8851	26.6667	512	256
004091.png	reject	21.2557	49.0000	512	256
004095.png	reject	13.8671	25.6667	512	256
004097.png	reject	11.8592	46.0000	512	256
004099.png	reject	16.4444	27.0000	512	256
004100.png	reject	16.6685	27.0000	512	256
004106.png	reject	17.1686	44.6667	512	256
004115.png	reject	11.5179	21.0000	512	256
004116.png	reject	7.1302	22.3333	512	256
004117.png	reject	10.5761	27.3333	512	256
004122.png	reject	13.6347	36.3333	512	256
004131.png	reject	9.4538	26.6667	512	256
004132.png	reject	12.2771	22.3333	512	256
004138.png	reject	9.4763	29.3333	512	256
004144.png	reject	27.0344	54.6667	512	256
004146.png	reject	14.9807	25.0000	512	256
004148.png	reject	11.2388	26.0000	512	256
004149.png	reject	8.6379	24.3333	512	256
004152.png	reject	11.5159	58.6667	512	256
004157.png	reject	34.3952	74.6667	512	256
004160.png	reject	24.3408	52.3333	512	256
004162.png	reject	9.0228	28.3333	512	256
004164.png	reject	13.2922	34.3333	512	256
004167.png	reject	16.2715	31.6667	512	256
004168.png	reject	8.4877	33.6667	512	256
004173.png	reject	33.1131	98.0000	512	256
004175.png	reject	9.8487	26.3333	512	256
004180.png	reject	14.4929	26.0000	512	256
004182.png	reject	13.9830	26.3333	512	256
004183.png	reject	10.7026	28.6667	512	256
004189.png	reject	23.6619	56.0000	512	256
004192.png	reject	14.8435	37.6667	512	256
004204.png	reject	9.0039	24.3333	512	256
004205.png	reject	18.1754	41.6667	512	256
004206.png	reject	18.7862	49.3333	512	256
004213.png	reject	11.3147	35.6667	512	256
004214.png	reject	14.2913	45.6667	512	256
004216.png	reject	14.2791	34.0000	512	256
004221.png	reject	15.7281	39.3333	512	256
004222.png	reject	7.4900	22.3333	512	256
004226.png	reject	21.3998	57.6667	512	256
004228.png	reject	10.7276	21.3333	512	256
004232.png	reject	7.2929	35.3333	512	256
004234.png	reject	10.5140	20.3333	512	256
004236.png	reject	24.4571	76.0000	512	256
004237.png	reject	29.0594	70.0000	512	256
004238.png	reject	8.5703	29.6667	512	256
004239.png	reject	22.8316	45.3333	512	256
004241.png	reject	9.8131	27.6667	512	256
004245.png	reject	20.4789	37.3333	512	256
004253.png	reject	29.7802	60.3333	512	256
004254.png	reject	10.6707	20.0000	512	256
004255.png	reject	11.0155	26.0000	512	256
004258.png	reject	17.6467	33.6667	512	256
004264.png	reject	12.8031	28.6667	512	256
004265.png	reject	11.2497	31.6667	512	256
004267.png	reject	10.4101	23.6667	512	256
004269.png	reject	28.7233	74.6667	512	256
004270.png	reject	10.3129	25.3333	512	256
004271.png	reject	15.2545	33.3333	512	256
004272.png	reject	13.0302	26.3333	512	256
004276.png	reject	14.2955	26.6667	512	256
004277.png	reject	17.7976	34.6667	512	256
004284.png	reject	8.8016	35.3333	512	256
004285.png	reject	22.8623	44.3333	512	256
004286.png	reject	20.7453	54.6667	512	256
004287.png	reject	27.2145	62.6667	512	256
004292.png	reject	18.3593	30.6667	512	256
004293.png	reject	20.8255	41.3333	512	256
004298.png	reject	9.6438	49.6667	512	256
004301.png	reject	24.5893	57.3333	512	256
004303.png	reject	16.2497	48.0000	512	256
004308.png	reject	18.5217	37.3333	512	256
004309.png	reject	8.3350	37.0000	512	256
004310.png	reject	21.2787	48.3333	512	256
004315.png	reject	13.0896	40.6667	512	256
004317.png	reject	13.2566	35.6667	512	256
004320.png	reject	4.9410	27.0000	512	256
004324.png	reject	13.2492	22.6667	512	256
004325.png	reject	28.4914	61.6667	512	256
004328.png	reject	11.8754	21.3333	512	256
004330.png	reject	10.5130	39.6667	512	256
004331.png	reject	13.5896	31.6667	512	256
004334.png	reject	23.1528	47.6667	512	256
004340.png	reject	13.3514	26.3333	512	256
004342.png	reject	34.4954	61.6667	512	256
004344.png	reject	15.6384	77.0000	512	256
004350.png	reject	23.2964	46.3333	512	256
004354.png	reject	20.8433	71.3333	512	256
004356.png	reject	9.7105	27.3333	512	256
004357.png	reject	16.3232	39.0000	512	256
004360.png	reject	22.3877	49.3333	512	256
004362.png	reject	8.2033	25.0000	512	256
004366.png	reject	13.4295	35.0000	512	256
004370.png	reject	10.1027	17.6667	512	256
004372.png	reject	13.6220	34.0000	512	256
004374.png	reject	13.7628	28.6667	512	256
004377.png	reject	18.1385	47.3333	512	256
004378.png	reject	11.2388	28.0000	512	256
004382.png	reject	10.8271	29.3333	512	256
004388.png	reject	14.2785	31.3333	512	256
004393.png	reject	31.5424	84.0000	512	256
004397.png	reject	12.5530	35.3333	512	256
004408.png	reject	10.8161	24.0000	512	256
004409.png	reject	15.4049	35.4167	512	256
004410.png	reject	36.1669	107.3333	512	256
004412.png	reject	8.3749	58.0000	512	256
004413.png	reject	33.7166	62.6667	512	256
004414.png	reject	11.2566	27.0000	512	256
004417.png	reject	10.6757	30.0000	512	256
004425.png	reject	17.9389	37.6667	512	256
004426.png	reject	12.1021	30.6667	512	256
004434.png	reject	11.9428	24.6667	512	256
004436.png	reject	11.6140	20.3333	512	256
004437.png	reject	15.3197	61.0000	512	256
004438.png	reject	14.9743	30.6667	512	256
004440.png	reject	21.5619	47.0000	512	256
004441.png	reject	10.0490	25.0000	512	256
004442.png	reject	15.4283	29.0000	512	256
004445.png	reject	42.9745	101.3333	512	256
004450.png	reject	32.9932	83.6667	512	256
004453.png	reject	14.8701	44.3333	512	256
004457.png	reject	10.2552	50.6667	512	256
004458.png	reject	14.5273	41.0000	512	256
004462.png	reject	11.7845	22.3333	512	256
004466.png	reject	10.3965	26.3333	512	256
004467.png	reject	12.5583	41.3333	512	256
004469.png	reject	12.2285	26.6667	512	256
004473.png	reject	10.7975	31.0000	512	256
004474.png	reject	15.4751	28.6667	512	256
004477.png	reject	12.5907	40.6667	512	256
004480.png	reject	6.6330	30.0000	512	256
004489.png	reject	13.7840	40.6667	512	256
004490.png	reject	17.9772	43.3333	512	256
004497.png	reject	10.4545	45.6667	512	256
004498.png	reject	20.7760	66.0000	512	256
004500.png	reject	11.7485	23.6667	512	256
004505.png	reject	12.6360	30.3333	512	256
004509.png	reject	14.2477	38.6667	512	256
004511.png	reject	19.8116	41.6667	512	256
004517.png	reject	8.5439	26.3333	512	256
004518.png	reject	7.8938	32.6667	512	256
004521.png	reject	17.3600	49.3333	512	256
004522.png	reject	17.8951	37.3333	512	256
004523.png	reject	20.3658	40.6667	512	256
004524.png	reject	11.8160	49.0000	512	256
004525.png	reject	12.3591	27.6667	512	256
004526.png	reject	24.6394	73.6667	512	256
004535.png	reject	11.7998	25.6667	512	256
004536.png	reject	10.0464	25.0000	512	256
004537.png	reject	14.3795	35.0000	512	256
004540.png	reject	13.8949	23.3333	512	256
004541.png	reject	6.8564	22.6667	512	256
004542.png	reject	20.8237	57.3333	512	256
004543.png	reject	17.6428	47.0000	512	256
004544.png	reject	10.5022	40.3333	512	256
004549.png	reject	25.3135	38.6667	512	256
004551.png	reject	12.5115	29.3333	512	256
004552.png	reject	18.1349	42.6667	512	256
004553.png	reject	17.6645	35.0000	512	256
004554.png	reject	32.5728	56.3333	512	256
004556.png	reject	13.8776	42.0000	512	256
004559.png	reject	12.1757	28.3333	512	256
004569.png	reject	12.8035	29.6667	512	256
004570.png	reject	12.5755	27.6667	512	256
004573.png	reject	11.6256	25.0000	512	256
004575.png	reject	12.7318	34.3333	512	256
004584.png	reject	11.0720	29.3333	512	256
004585.png	reject	15.4624	37.6667	512	256
004589.png	reject	15.3762	36.6667	512	256
004590.png	reject	13.3775	34.3333	512	256
004601.png	reject	24.1425	66.0000	512	256
004602.png	reject	15.4407	29.6667	512	256
004605.png	reject	35.5454	92.0000	512	256
004606.png	reject	32.2766	63.6667	512	256
004607.png	reject	13.7044	34.6667	512	256
004617.png	reject	14.5022	32.3333	512	256
004629.png	reject	15.3455	34.0000	512	256
004632.png	reject	10.2978	39.0000	512	256
004633.png	reject	23.1468	55.6667	512	256
004637.png	reject	12.0599	44.3333	512	256
004643.png	reject	11.6936	19.6667	512	256
004645.png	reject	9.3759	29.6667	512	256
004649.png	reject	41.4455	93.0000	512	256
004651.png	reject	9.5458	29.0000	512	256
004653.png	reject	32.6562	58.0000	512	256
004658.png	reject	10.7547	21.3333	512	256
004661.png	reject	21.6057	64.0000	512	256
004663.png	reject	18.1833	41.6667	512	256
004665.png	reject	37.1983	70.0000	512	256
004666.png	reject	9.9472	29.0000	512	256
004671.png	reject	15.0278	41.6667	512	256
004673.png	reject	14.0222	18.0000	512	256
004676.png	reject	10.0393	19.0000	512	256
004677.png	reject	11.6887	22.6667	512	256
004679.png	reject	9.6168	23.0000	512	256
004681.png	reject	36.9064	70.0000	512	256
004682.png	reject	15.4082	32.0000	512	256
004686.png	reject	22.4589	54.6667	512	256
004690.png	reject	10.6981	17.3333	512	256
004692.png	reject	23.0978	42.3333	512	256
004693.png	reject	16.4981	31.0000	512	256
004698.png	reject	70.4411	124.3333	512	256
004701.png	reject	10.4921	33.3333	512	256
004702.png	reject	9.0410	37.0000	512	256
004704.png	reject	12.4111	30.3333	512	256
004709.png	reject	9.3533	30.6667	512	256
004711.png	reject	13.9057	26.3333	512	256
004712.png	reject	9.9246	46.6667	512	256
004713.png	reject	13.3503	29.6667	512	256
004714.png	reject	34.5023	69.6667	512	256
004717.png	reject	18.0536	33.0000	512	256
004722.png	reject	14.7058	33.0000	512	256
004724.png	reject	17.1018	35.0000	512	256
004726.png	reject	14.5130	36.6667	512	256
004727.png	reject	7.3650	23.0000	512	256
004730.png	reject	17.3683	41.0000	512	256
004731.png	reject	14.1159	40.3333	512	256
004733.png	reject	18.2315	60.3333	512	256
004745.png	reject	35.8779	77.0000	512	256
004747.png	reject	10.6813	29.0000	512	256
004749.png	reject	19.2736	47.0000	512	256
004755.png	reject	12.0503	24.6667	512	256
004756.png	reject	27.4419	93.3333	512	256
004757.png	reject	8.0163	28.0000	512	256
004759.png	reject	10.3882	24.0000	512	256
004762.png	reject	16.5303	34.3333	512	256
004763.png	reject	14.8984	37.0000	512	256
004765.png	reject	18.8345	44.6667	512	256
004766.png	reject	11.9535	19.0000	512	256
004772.png	reject	20.8092	42.0000	512	256
004778.png	reject	11.3008	25.0000	512	256
004779.png	reject	6.8401	22.6667	512	256
004786.png	reject	11.7399	23.3333	512	256
004788.png	reject	10.8719	27.3333	512	256
004790.png	reject	13.1791	29.3333	512	256
004791.png	reject	9.9992	28.0000	512	256
004797.png	reject	20.5139	46.3333	512	256
004800.png	reject	10.5488	36.6667	512	256
004804.png	reject	14.4138	54.6667	512	256
004805.png	reject	11.2227	34.0000	512	256
004806.png	reject	6.7023	25.0000	512	256
004810.png	reject	22.9689	38.0000	512	256
004813.png	reject	30.8210	60.3333	512	256
004820.png	reject	13.0287	28.0000	512	256
004821.png	reject	9.8786	25.6667	512	256
004825.png	reject	18.7401	36.6667	512	256
004826.png	reject	22.3769	64.6667	512	256
004827.png	reject	8.9407	28.6667	512	256
004830.png	reject	12.6039	35.0000	512	256
004831.png	reject	7.0625	28.6667	512	256
004833.png	reject	24.2728	41.6667	512	256
004837.png	reject	14.1838	31.0000	512	256
004842.png	reject	13.4241	30.0000	512	256
004846.png	reject	12.6851	27.3333	512	256
004851.png	reject	11.8928	38.3333	512	256
004856.png	reject	6.6231	22.6667	512	256
004857.png	reject	20.3367	51.6667	512	256
004858.png	reject	15.8925	36.6667	512	256
004868.png	reject	24.6681	69.6667	512	256
004869.png	reject	17.2196	33.0000	512	256
004873.png	reject	25.5138	76.0000	512	256
004874.png	reject	17.7402	55.0000	512	256
004877.png	reject	41.0001	99.0000	512	256
004882.png	reject	11.3155	21.0000	512	256
004886.png	reject	7.5553	37.0000	512	256
004889.png	reject	14.1477	33.0000	512	256
004890.png	reject	30.4387	46.3333	512	256
004893.png	reject	26.8390	71.0000	512	256
004894.png	reject	7.9276	25.6667	512	256
004899.png	reject	12.1390	25.6667	512	256
004900.png	reject	11.3957	32.0000	512	256
004905.png	reject	45.4100	93.6667	512	256
004906.png	reject	21.1089	49.0000	512	256
004913.png	reject	11.3308	22.0000	512	256
004914.png	reject	17.2306	32.3333	512	256
004915.png	reject	23.0255	56.3333	512	256
004916.png	reject	23.8463	50.6667	512	256
004918.png	reject	15.0319	91.3333	512	256
004919.png	reject	10.3303	21.3333	512	256
004922.png	reject	39.5304	67.3333	512	256
004923.png	reject	13.1493	31.3333	512	256
004925.png	reject	6.5758	25.3333	512	256
004931.png	reject	12.7337	36.3333	512	256
004932.png	reject	21.4034	37.3333	512	256
004934.png	reject	49.5902	84.6667	512	256
004938.png	reject	17.0775	37.6667	512	256
004941.png	reject	8.7558	24.6667	512	256
004946.png	reject	10.7115	23.3333	512	256
004947.png	reject	14.3828	52.0000	512	256
004948.png	reject	11.5515	22.3333	512	256
004949.png	reject	12.9736	27.3333	512	256
004950.png	reject	11.6928	43.6667	512	256
004952.png	reject	9.8381	27.6667	512	256
004953.png	reject	24.1981	57.0000	512	256
004957.png	reject	21.0162	50.3333	512	256
004958.png	reject	18.9697	34.0000	512	256
004964.png	reject	14.3945	35.0000	512	256
004966.png	reject	7.7433	25.0000	512	256
004969.png	reject	37.0744	98.6667	512	256
004970.png	reject	16.0544	27.0000	512	256
004979.png	reject	16.7231	51.6667	512	256
004981.png	reject	12.1244	24.6667	512	256
004986.png	reject	21.0774	55.6667	512	256
004989.png	reject	12.0917	36.0000	512	256
004993.png	reject	11.8152	21.3333	512	256
004995.png	reject	11.5153	22.3333	512	256
004996.png	reject	16.8678	28.0000	512	256
005002.png	reject	12.7847	35.6667	512	256
005005.png	reject	9.2706	27.3333	512	256
005011.png	reject	9.6330	24.6667	512	256
005012.png	reject	18.9833	31.0000	512	256
005013.png	reject	13.4499	36.0000	512	256
005018.png	reject	27.4451	61.0000	512	256
005021.png	reject	24.8291	57.0000	512	256
005022.png	reject	15.3446	55.0000	512	256
005023.png	reject	9.3269	46.6667	512	256
005025.png	reject	17.8094	64.6667	512	256
005026.png	reject	13.4910	25.6667	512	256
005028.png	reject	9.9411	35.0000	512	256
005037.png	reject	13.7992	37.6667	512	256
005038.png	reject	15.0879	40.3333	512	256
005039.png	reject	22.2450	38.0000	512	256
005050.png	reject	34.3359	70.6667	512	256
005053.png	reject	39.5240	98.3333	512	256
005057.png	reject	11.3722	39.3333	512	256
005059.png	reject	16.0022	36.6667	512	256
005060.png	reject	9.7630	26.3333	512	256
005066.png	reject	59.7020	83.0000	512	256
005069.png	reject	7.0723	27.6667	512	256
005073.png	reject	16.5138	55.6667	512	256
005075.png	reject	12.7152	25.6667	512	256
005081.png	reject	27.8445	52.0000	512	256
005082.png	reject	22.1514	53.3333	512	256
005086.png	reject	12.9132	29.0000	512	256
005091.png	reject	11.7852	24.0000	512	256
005092.png	reject	24.9735	40.3333	512	256
005094.png	reject	12.0410	41.6667	512	256
005097.png	reject	18.6938	37.0000	512	256
005098.png	reject	42.7011	66.6667	512	256
005102.png	reject	8.5777	28.3333	512	256
005107.png	reject	19.2420	52.6667	512	256
005108.png	reject	15.0474	32.0000	512	256
005110.png	reject	11.0451	18.0000	512	256
005111.png	reject	20.4468	37.6667	512	256
005113.png	reject	15.8383	48.3333	512	256
005114.png	reject	12.3638	37.3333	512	256
005121.png	reject	20.6470	54.3333	512	256
005124.png	reject	16.4093	63.6667	512	256
005129.png	reject	16.7962	45.3333	512	256
005137.png	reject	9.1342	48.3333	512	256
005139.png	reject	12.7572	43.6667	512	256
005145.png	reject	17.0180	46.0000	512	256
005146.png	reject	18.7995	39.0000	512	256
005149.png	reject	35.0422	88.0000	512	256
005153.png	reject	9.3182	29.0000	512	256
005155.png	reject	31.8487	70.0000	512	256
005156.png	reject	13.6767	25.0000	512	256
005161.png	reject	83.1841	144.6667	512	256
005162.png	reject	87.2234	124.3333	512	256
005169.png	reject	21.6660	54.3333	512	256
005171.png	reject	21.2517	58.0000	512	256
005172.png	reject	18.9699	54.6667	512	256
005178.png	reject	15.8113	33.6667	512	256
005181.png	reject	9.4887	27.3333	512	256
005185.png	reject	9.0789	34.3333	512	256
005187.png	reject	11.1821	27.6667	512	256
005188.png	reject	17.7273	47.0000	512	256
005190.png	reject	17.4685	46.6667	512	256
005193.png	reject	17.3769	36.6667	512	256
005194.png	reject	9.7897	23.3333	512	256
005197.png	reject	23.8569	55.0000	512	256
005203.png	reject	14.7542	32.3333	512	256
005204.png	reject	27.3769	59.6667	512	256
005209.png	reject	15.6614	34.0000	512	256
005210.png	reject	10.7815	32.0000	512	256
005213.png	reject	44.2242	80.3333	512	256
005215.png	reject	6.5736	31.6667	512	256
005219.png	reject	13.1797	26.6667	512	256
005220.png	reject	15.4555	28.3333	512	256
005225.png	reject	15.2602	31.3333	512	256
005226.png	reject	28.1751	49.0000	512	256
005229.png	reject	20.1732	56.3333	512	256
005233.png	reject	12.6189	30.0000	512	256
005236.png	reject	10.8918	19.3333	512	256
005237.png	reject	12.8850	42.3333	512	256
005241.png	reject	5.8580	27.3333	512	256
005242.png	reject	23.1455	47.3333	512	256
005249.png	reject	11.6017	23.0000	512	256
005252.png	reject	15.7144	35.3333	512	256
005257.png	reject	39.5781	71.0000	512	256
005258.png	reject	10.4388	35.6667	512	256
005261.png	reject	24.8162	67.0000	512	256
005267.png	reject	19.3934	53.0000	512	256
005268.png	reject	13.2051	46.6667	512	256
005270.png	reject	8.6677	31.0000	512	256
005273.png	reject	10.6150	21.3333	512	256
005283.png	reject	12.1982	32.6667	512	256
005284.png	reject	21.4443	33.6667	512	256
005286.png	reject	15.2263	26.3333	512	256
005289.png	reject	17.1157	46.0000	512	256
005295.png	reject	7.0236	32.0000	512	256
005298.png	reject	6.9812	22.6667	512	256
005300.png	reject	18.0424	43.3333	512	256
005303.png	reject	33.2258	55.3333	512	256
005307.png	reject	12.6842	29.3333	512	256
005310.png	reject	25.2860	37.3333	512	256
005315.png	reject	10.1741	17.6667	512	256
005316.png	reject	13.4743	34.0000	512	256
005321.png	reject	23.9732	49.3333	512	256
005323.png	reject	33.2343	64.7500	512	256
005332.png	reject	9.4139	30.3333	512	256
005337.png	reject	12.0580	34.3333	512	256
005339.png	reject	34.8705	79.0000	512	256
005342.png	reject	25.1002	66.0000	512	256
005348.png	reject	7.5508	22.3333	512	256
005353.png	reject	21.5101	37.3333	512	256
005355.png	reject	17.7825	43.3333	512	256
005363.png	reject	18.2374	43.0000	512	256
005364.png	reject	15.8196	45.0000	512	256
005367.png	reject	22.3195	48.3333	512	256
005369.png	reject	9.5282	28.3333	512	256
005371.png	reject	15.2795	34.3333	512	256
005376.png	reject	15.0856	48.0000	512	256
005380.png	reject	24.4881	72.0000	512	256
005381.png	reject	16.5158	40.6667	512	256
005383.png	reject	7.6649	27.3333	512	256
005385.png	reject	33.8576	71.6667	512	256
005386.png	reject	10.6744	21.0000	512	256
005387.png	reject	23.1697	60.6667	512	256
005395.png	reject	23.4667	65.0000	512	256
005396.png	reject	15.9672	55.0000	512	256
005399.png	reject	14.0295	26.6667	512	256
005401.png	reject	18.9564	46.3333	512	256
005403.png	reject	22.9382	52.0000	512	256
005406.png	reject	12.1804	25.6667	512	256
005411.png	reject	30.3138	56.6667	512	256
005412.png	reject	10.0687	25.0000	512	256
005414.png	reject	10.4625	45.0000	512	256
005415.png	reject	15.7063	28.3333	512	256
005416.png	reject	22.6888	53.6667	512	256
005417.png	reject	19.7224	50.6667	512	256
005419.png	reject	25.4219	70.3333	512	256
005422.png	reject	12.7695	25.3333	512	256
005423.png	reject	8.7517	24.0000	512	256
005424.png	reject	7.3382	23.0000	512	256
005427.png	reject	12.2518	26.3333	512	256
005430.png	reject	13.7151	54.0000	512	256
005431.png	reject	13.6198	39.0000	512	256
005433.png	reject	10.6495	22.0000	512	256
005435.png	reject	13.6297	47.3333	512	256
005439.png	reject	7.2813	33.6667	512	256
005441.png	reject	8.1783	38.7500	512	256
005443.png	reject	10.9777	18.6667	512	256
005444.png	reject	10.2291	20.6667	512	256
005445.png	reject	14.3958	32.6667	512	256
005447.png	reject	22.4117	78.0000	512	256
005451.png	reject	15.9445	35.3333	512	256
005455.png	reject	16.2187	37.6667	512	256
005459.png	reject	27.4781	52.6667	512	256
005460.png	reject	19.2064	43.6667	512	256
005461.png	reject	7.9516	26.6667	512	256
005463.png	reject	11.0236	25.0000	512	256
005466.png	reject	12.3281	54.0000	512	256
005467.png	reject	13.8069	30.0000	512	256
005472.png	reject	22.7328	52.6667	512	256
005476.png	reject	16.1573	29.6667	512	256
005483.png	reject	37.1261	80.0000	512	256
005487.png	reject	15.1393	35.0000	512	256
005495.png	reject	14.8735	29.3333	512	256
005498.png	reject	8.5569	41.0000	512	256
005502.png	reject	12.5017	22.0000	512	256
005504.png	reject	9.5027	26.3333	512	256
005506.png	reject	11.5593	27.0000	512	256
005511.png	reject	8.4660	24.0000	512	256
005515.png	reject	7.9322	24.6667	512	256
005523.png	reject	20.0132	44.6667	512	256
005525.png	reject	14.9737	23.0000	512	256
005536.png	reject	14.8283	36.3333	512	256
005539.png	reject	19.6747	41.0000	512	256
005543.png	reject	19.7129	41.0000	512	256
005545.png	reject	26.8261	46.3333	512	256
005547.png	reject	45.4000	64.3333	512	256
005550.png	reject	12.9054	40.6667	512	256
005552.png	reject	28.4528	90.0000	512	256
005559.png	reject	7.3993	23.0000	512	256
005562.png	reject	8.6091	26.0000	512	256
005568.png	reject	10.5651	24.3333	512	256
005570.png	reject	16.2768	62.6667	512	256
005575.png	reject	19.8629	63.0000	512	256
005577.png	reject	19.5776	68.6667	512	256
005580.png	reject	11.0441	36.0000	512	256
005584.png	reject	15.6567	42.0000	512	256
005586.png	reject	9.2635	22.6667	512	256
005587.png	reject	13.1839	30.6667	512	256
005588.png	reject	9.9308	26.0000	512	256
005593.png	reject	34.3357	81.0000	512	256
005594.png	reject	17.9314	36.6667	512	256
005600.png	reject	18.6593	46.6667	512	256
005603.png	reject	14.2462	58.6667	512	256
005604.png	reject	20.9851	61.0000	512	256
005607.png	reject	12.1063	22.3333	512	256
005610.png	reject	15.2653	21.6667	512	256
005613.png	reject	8.7052	27.0000	512	256
005615.png	reject	17.9776	37.3333	512	256
005616.png	reject	12.1619	22.6667	512	256
005620.png	reject	10.2943	33.6667	512	256
005622.png	reject	4.4913	25.0000	512	256
005623.png	reject	15.5536	26.6667	512	256
005625.png	reject	10.6759	28.0000	512	256
005627.png	reject	18.8141	49.0000	512	256
005628.png	reject	20.0328	61.0000	512	256
005629.png	reject	11.2144	24.6667	512	256
005632.png	reject	10.2234	25.0000	512	256
005634.png	reject	8.3349	38.6667	512	256
005635.png	reject	24.9925	54.3333	512	256
005641.png	reject	17.0463	41.6667	512	256
005646.png	reject	17.0763	36.3333	512	256
005647.png	reject	9.3813	23.0000	512	256
005648.png	reject	9.6210	23.3333	512	256
005650.png	reject	7.1612	31.3333	512	256
005651.png	reject	9.1064	26.6667	512	256
005663.png	reject	17.6390	58.0000	512	256
005664.png	reject	27.6246	57.0000	512	256
005667.png	reject	8.1230	24.0000	512	256
005669.png	reject	10.0572	20.3333	512	256
005675.png	reject	18.9399	54.0000	512	256
005680.png	reject	14.4932	45.3333	512	256
005687.png	reject	11.4350	20.3333	512	256
005696.png	reject	10.9095	32.6667	512	256
005698.png	reject	35.7301	65.0000	512	256
005699.png	reject	17.4044	31.6667	512	256
005708.png	reject	17.6326	26.3333	512	256
005711.png	reject	11.2329	35.6667	512	256
005712.png	reject	10.7550	23.3333	512	256
005715.png	reject	15.9770	43.3333	512	256
005716.png	reject	10.7744	23.6667	512	256
005723.png	reject	23.3586	40.3333	512	256
005727.png	reject	19.5473	43.0000	512	256
005728.png	reject	12.6421	44.0000	512	256
005731.png	reject	24.5587	46.0000	512	256
005735.png	reject	15.7923	26.3333	512	256
005737.png	reject	12.3090	41.0000	512	256
005740.png	reject	23.5622	69.0000	512	256
005741.png	reject	11.4284	33.0000	512	256
005743.png	reject	13.4658	48.0000	512	256
005744.png	reject	16.1141	38.0000	512	256
005750.png	reject	12.2123	25.6667	512	256
005753.png	reject	11.0949	23.3333	512	256
005755.png	reject	10.5648	23.3333	512	256
005760.png	reject	10.6943	26.0000	512	256
005763.png	reject	15.8595	53.3333	512	256
005765.png	reject	20.8262	45.3333	512	256
005766.png	reject	10.2490	20.0000	512	256
005771.png	reject	34.1938	72.0000	512	256
005772.png	reject	16.9838	56.0000	512	256
005776.png	reject	11.4386	31.3333	512	256
005779.png	reject	25.8416	43.3333	512	256
005783.png	reject	19.9898	37.0000	512	256
005787.png	reject	34.4949	96.0000	512	256
005789.png	reject	8.4846	22.3333	512	256
005791.png	reject	22.4807	52.3333	512	256
005793.png	reject	24.4582	52.3333	512	256
005794.png	reject	16.1913	42.6667	512	256
005795.png	reject	6.4606	22.6667	512	256
005798.png	reject	26.1933	63.6667	512	256
005803.png	reject	32.2083	75.3333	512	256
005804.png	reject	10.3509	20.3333	512	256
005807.png	reject	22.6312	60.3333	512	256
005809.png	reject	9.7823	23.6667	512	256
005811.png	reject	22.8613	65.6667	512	256
005812.png	reject	12.6948	29.0000	512	256
005815.png	reject	17.4660	42.6667	512	256
005820.png	reject	10.8819	27.0000	512	256
005824.png	reject	16.3553	27.6667	512	256
005831.png	reject	12.8226	34.6667	512	256
005833.png	reject	9.4653	24.3333	512	256
005839.png	reject	16.0294	37.3333	512	256
005840.png	reject	14.3932	42.0000	512	256
005844.png	reject	13.5917	30.6667	512	256
005849.png	reject	5.4792	23.0000	512	256
005851.png	reject	19.9891	26.6667	512	256
005855.png	reject	11.3380	25.6667	512	256
005856.png	reject	9.9252	29.6667	512	256
005859.png	reject	11.6220	19.0000	512	256
005863.png	reject	11.7866	20.3333	512	256
005867.png	reject	16.0594	29.6667	512	256
005870.png	reject	21.1668	50.6667	512	256
005871.png	reject	26.0763	55.0000	512	256
005872.png	reject	9.9648	29.6667	512	256
005874.png	reject	55.0342	105.6667	512	256
005875.png	reject	21.5119	40.6667	512	256
005879.png	reject	10.3364	23.3333	512	256
005881.png	reject	18.0290	43.3333	512	256
005884.png	reject	15.1109	44.0000	512	256
005885.png	reject	13.1348	18.3333	512	256
005887.png	reject	20.7570	54.0000	512	256
005888.png	reject	20.7611	46.3333	512	256
005890.png	reject	16.8094	34.0000	512	256
005895.png	reject	14.9090	35.0000	512	256
005900.png	reject	18.8562	36.6667	512	256
005902.png	reject	15.4504	64.3333	512	256
005903.png	reject	9.0604	25.3333	512	256
005904.png	reject	33.6517	62.6667	512	256
005909.png	reject	12.6255	28.6667	512	256
005913.png	reject	13.5162	45.0000	512	256
005920.png	reject	10.4767	18.0000	512	256
005927.png	reject	11.7242	20.6667	512	256
005928.png	reject	5.8561	28.3333	512	256
005931.png	reject	18.0330	84.3333	512	256
005934.png	reject	39.1470	78.6667	512	256
005935.png	reject	9.6727	25.0000	512	256
005936.png	reject	11.0595	19.0000	512	256
005941.png	reject	8.3667	25.3333	512	256
005943.png	reject	20.8014	39.0000	512	256
005946.png	reject	10.2078	21.3333	512	256
005951.png	reject	8.8932	30.3333	512	256
005952.png	reject	11.4322	39.3333	512	256
005953.png	reject	7.5672	24.3333	512	256
005955.png	reject	13.9976	24.3333	512	256
005956.png	reject	10.0974	16.3333	512	256
005958.png	reject	8.1601	25.6667	512	256
005959.png	reject	9.1252	23.3333	512	256
005961.png	reject	10.1114	22.0000	512	256
005962.png	reject	33.8072	84.0000	512	256
005964.png	reject	6.2142	25.6667	512	256
005965.png	reject	12.5028	27.3333	512	256
005968.png	reject	32.5222	78.6667	512	256
005973.png	reject	14.6127	29.6667	512	256
005976.png	reject	11.4435	41.0000	512	256
005978.png	reject	11.9261	29.6667	512	256
005984.png	reject	29.7746	66.3333	512	256
005998.png	reject	18.0627	47.6667	512	256
005999.png	reject	18.7752	39.6667	512	256
006000.png	reject	34.7986	82.6667	512	256
006003.png	reject	8.2998	34.0000	512	256
006007.png	reject	16.2879	34.3333	512	256
006008.png	reject	9.7972	35.0000	512	256
006010.png	reject	15.3316	44.3333	512	256
006011.png	reject	26.0472	37.6667	512	256
006015.png	reject	15.4413	34.6667	512	256
006019.png	reject	17.0680	44.6667	512	256
006020.png	reject	14.7065	31.3333	512	256
006021.png	reject	7.7109	43.3333	512	256
006027.png	reject	11.2857	22.6667	512	256
006039.png	reject	25.7932	82.0000	512	256
006061.png	reject	13.7397	35.3333	512	256
006063.png	reject	10.4456	24.0000	512	256
006067.png	reject	17.3580	40.3333	512	256
006071.png	reject	14.7018	33.0000	512	256
006075.png	reject	26.7462	52.6667	512	256
006079.png	reject	24.6899	58.6667	512	256
006083.png	reject	10.3607	33.0000	512	256
006087.png	reject	28.7503	63.3333	512	256
006096.png	reject	15.1193	52.0000	512	256
006098.png	reject	24.3607	53.3333	512	256
006107.png	reject	10.8057	26.0000	512	256
006112.png	reject	21.1549	44.0000	512	256
006119.png	reject	13.2269	27.0000	512	256
006123.png	reject	16.9685	42.6667	512	256
006127.png	reject	10.4858	27.3333	512	256
006128.png	reject	27.9474	60.3333	512	256
006130.png	reject	11.7989	45.3333	512	256
006132.png	reject	23.8938	39.6667	512	256
006135.png	reject	28.2297	60.3333	512	256
006139.png	reject	9.5906	24.0000	512	256
006140.png	reject	16.1774	38.0000	512	256
006143.png	reject	10.8174	26.3333	512	256
006144.png	reject	10.7513	26.6667	512	256
006148.png	reject	12.6764	33.0000	512	256
006164.png	reject	7.7262	23.6667	512	256
006165.png	reject	9.5163	26.0000	512	256
006175.png	reject	21.7324	47.6667	512	256
006176.png	reject	14.9783	39.3333	512	256
006179.png	reject	10.9842	28.6667	512	256
006180.png	reject	10.3987	19.6667	512	256
006181.png	reject	20.8513	46.3333	512	256
006183.png	reject	24.9730	80.3333	512	256
006190.png	reject	8.2563	22.3333	512	256
006191.png	reject	8.0184	24.6667	512	256
006195.png	reject	10.6722	24.0000	512	256
006199.png	reject	16.8908	45.0000	512	256
006205.png	reject	39.4983	82.3333	512	256
006207.png	reject	10.3808	17.0000	512	256
006219.png	reject	10.6009	59.0000	512	256
006222.png	reject	14.1605	19.6667	512	256
006223.png	reject	9.9191	30.3333	512	256
006225.png	reject	16.5379	63.3333	512	256
006235.png	reject	10.4805	27.0000	512	256
006237.png	reject	36.9816	61.0000	512	256
006239.png	reject	19.8398	38.3333	512	256
006240.png	reject	16.0028	30.3333	512	256
006243.png	reject	24.8856	65.0000	512	256
006247.png	reject	20.2917	39.6667	512	256
006251.png	reject	9.3487	22.6667	512	256
006253.png	reject	12.4219	30.3333	512	256
006255.png	reject	11.7182	27.0000	512	256
006259.png	reject	22.6822	58.0000	512	256
006272.png	reject	14.1850	38.3333	512	256
006278.png	reject	12.7527	28.0000	512	256
006289.png	reject	9.4530	27.3333	512	256
006290.png	reject	22.0711	39.6667	512	256
006293.png	reject	12.2915	19.3333	512	256
006306.png	reject	13.2777	46.0000	512	256
006308.png	reject	11.4087	17.6667	512	256
006312.png	reject	12.2473	33.6667	512	256
006315.png	reject	16.5680	32.6667	512	256
006319.png	reject	14.2555	29.3333	512	256
006322.png	reject	10.4737	28.6667	512	256
006324.png	reject	14.4544	28.3333	512	256
006327.png	reject	19.3961	34.3333	512	256
006331.png	reject	19.9659	56.3333	512	256
006335.png	reject	22.5151	48.6667	512	256
006338.png	reject	11.5945	28.6667	512	256
006340.png	reject	18.5010	31.6667	512	256
006341.png	reject	14.3523	41.3333	512	256
006343.png	reject	29.8170	57.3333	512	256
006348.png	reject	15.4435	38.3333	512	256
006349.png	reject	8.9255	29.6667	512	256
006354.png	reject	15.5916	52.3333	512	256
006355.png	reject	15.2219	24.3333	512	256
006356.png	reject	25.5153	48.6667	512	256
006359.png	reject	10.3692	39.3333	512	256
006364.png	reject	13.9427	24.3333	512	256
006365.png	reject	13.0571	23.6667	512	256
006367.png	reject	18.0283	33.3333	512	256
006370.png	reject	24.2551	61.0000	512	256
006375.png	reject	13.0171	27.4167	512	256
006381.png	reject	13.7539	39.6667	512	256
006382.png	reject	14.2487	24.3333	512	256
006387.png	reject	19.0138	59.0000	512	256
006402.png	reject	15.1822	22.0000	512	256
006403.png	reject	6.5448	22.3333	512	256
006410.png	reject	9.8705	36.0000	512	256
006413.png	reject	15.5641	52.0000	512	256
006422.png	reject	6.3563	27.0000	512	256
006427.png	reject	5.7552	29.3333	512	256
006429.png	reject	13.6672	40.0000	512	256
006430.png	reject	11.3786	26.0000	512	256
006431.png	reject	7.3657	24.6667	512	256
006432.png	reject	17.8500	31.0000	512	256
006439.png	reject	14.5556	27.3333	512	256
006446.png	reject	6.8791	29.3333	512	256
006448.png	reject	11.2618	31.6667	512	256
006455.png	reject	12.8227	29.6667	512	256
006459.png	reject	11.9738	33.6667	512	256
006460.png	reject	6.6384	27.3333	512	256
006466.png	reject	11.4152	24.0000	512	256
006471.png	reject	34.8913	74.7500	512	256
006476.png	reject	8.3696	25.3333	512	256
006479.png	reject	10.3317	24.0000	512	256
006482.png	reject	9.9957	23.0000	512	256
006483.png	reject	6.3963	24.6667	512	256
006485.png	reject	10.1068	24.3333	512	256
006495.png	reject	9.2233	29.6667	512	256
006498.png	reject	9.9276	23.0000	512	256
006499.png	reject	7.9649	26.0000	512	256
006500.png	reject	11.0237	18.6667	512	256
006501.png	reject	8.7200	46.3333	512	256
006503.png	reject	28.6196	53.6667	512	256
006508.png	reject	11.7049	28.0000	512	256
006509.png	reject	8.3767	41.0000	512	256
006511.png	reject	14.0751	51.0000	512	256
006516.png	reject	12.9207	42.0000	512	256
006522.png	reject	11.3546	26.3333	512	256
006524.png	reject	11.6265	36.3333	512	256
006525.png	reject	25.3232	64.3333	512	256
006526.png	reject	10.0312	25.6667	512	256
006527.png	reject	12.8733	39.0000	512	256
006528.png	reject	10.8806	19.3333	512	256
006530.png	reject	12.0893	28.6667	512	256
006531.png	reject	11.6536	31.6667	512	256
006535.png	reject	9.6288	25.0000	512	256
006536.png	reject	16.1352	90.6667	512	256
006537.png	reject	6.8251	33.6667	512	256
006544.png	reject	11.5753	27.6667	512	256
006546.png	reject	18.2807	32.6667	512	256
006547.png	reject	7.6469	42.6667	512	256
006551.png	reject	11.1356	27.6667	512	256
006556.png	reject	21.8713	38.0000	512	256
006560.png	reject	13.8618	33.0000	512	256
006562.png	reject	14.7351	26.3333	512	256
006567.png	reject	16.0626	31.0000	512	256
006574.png	reject	15.8049	28.0000	512	256
006576.png	reject	11.7891	26.3333	512	256
006581.png	reject	17.4570	49.3333	512	256
006583.png	reject	16.7844	34.6667	512	256
006584.png	reject	14.3063	44.6667	512	256
006594.png	reject	12.4457	28.3333	512	256
006595.png	reject	10.1810	35.3333	512	256
006597.png	reject	18.0581	30.6667	512	256
006598.png	reject	6.7660	22.6667	512	256
006599.png	reject	11.3539	32.0000	512	256
006600.png	reject	14.2053	32.3333	512	256
006604.png	reject	11.2878	26.0000	512	256
006615.png	reject	9.0776	23.0000	512	256
006620.png	reject	28.4836	62.0000	512	256
006624.png	reject	12.8900	43.3333	512	256
006631.png	reject	10.9272	26.6667	512	256
006632.png	reject	11.0379	41.3333	512	256
006637.png	reject	9.9963	22.6667	512	256
006639.png	reject	12.4122	30.0000	512	256
006640.png	reject	9.3020	24.3333	512	256
006647.png	reject	28.3883	55.6667	512	256
006650.png	reject	9.8179	30.6667	512	256
006652.png	reject	27.3734	108.6667	512	256
006654.png	reject	7.6383	22.3333	512	256
006655.png	reject	15.3060	22.6667	512	256
006656.png	reject	17.4682	32.3333	512	256
006659.png	reject	11.4054	48.6667	512	256
006663.png	reject	16.3493	40.0000	512	256
006667.png	reject	8.0450	22.4167	512	256
006670.png	reject	16.5360	46.3333	512	256
006679.png	reject	17.1521	37.6667	512	256
006685.png	reject	34.8407	68.0000	512	256
006687.png	reject	12.7430	26.6667	512	256
006688.png	reject	15.2612	27.6667	512	256
006691.png	reject	8.1751	25.0000	512	256
006693.png	reject	11.4483	43.6667	512	256
006695.png	reject	15.0310	32.3333	512	256
006703.png	reject	20.0144	50.6667	512	256
006706.png	reject	14.6114	31.0000	512	256
006711.png	reject	53.0978	95.6667	512	256
006712.png	reject	7.9988	28.0000	512	256
006719.png	reject	10.3332	29.0000	512	256
006724.png	reject	20.4762	37.3333	512	256
006727.png	reject	19.4328	40.6667	512	256
006731.png	reject	6.8994	25.6667	512	256
006732.png	reject	5.1837	26.6667	512	256
006738.png	reject	8.3627	29.3333	512	256
006743.png	reject	23.9969	44.0000	512	256
006751.png	reject	10.1045	29.3333	512	256
006759.png	reject	31.1431	61.3333	512	256
006763.png	reject	14.8891	52.6667	512	256
006765.png	reject	19.8377	36.3333	512	256
006771.png	reject	23.7749	75.3333	512	256
006772.png	reject	19.2763	44.0000	512	256
006775.png	reject	33.6866	62.6667	512	256
006783.png	reject	10.0452	41.3333	512	256
006784.png	reject	8.0062	22.3333	512	256
006790.png	reject	39.0617	75.3333	512	256
006791.png	reject	12.2118	27.6667	512	256
006792.png	reject	9.5746	27.0000	512	256
006796.png	reject	22.5330	59.6667	512	256
006799.png	reject	13.5921	27.3333	512	256
006802.png	reject	13.3317	18.6667	512	256
006807.png	reject	33.7980	75.6667	512	256
006809.png	reject	30.9726	65.3333	512	256
006812.png	reject	10.8291	16.0000	512	256
006818.png	reject	12.1940	30.3333	512	256
006819.png	reject	40.6556	93.3333	512	256
006823.png	reject	20.7348	50.3333	512	256
006825.png	reject	16.7814	98.0000	512	256
006834.png	reject	19.4926	41.3333	512	256
006835.png	reject	11.4288	43.0000	512	256
006837.png	reject	10.1324	25.0000	512	256
006838.png	reject	11.3069	28.3333	512	256
006839.png	reject	18.1805	37.0000	512	256
006840.png	reject	18.5794	42.0000	512	256
006847.png	reject	22.9320	48.6667	512	256
006848.png	reject	10.2223	20.3333	512	256
006851.png	reject	19.7742	43.6667	512	256
006852.png	reject	10.2655	27.6667	512	256
006855.png	reject	11.2962	32.6667	512	256
006863.png	reject	20.4435	47.0000	512	256
006867.png	reject	25.8745	48.0000	512	256
006872.png	reject	10.5751	41.0000	512	256
006877.png	reject	11.8054	31.3333	512	256
006879.png	reject	5.7127	26.3333	512	256
006882.png	reject	11.3892	22.0000	512	256
006883.png	reject	24.4552	57.6667	512	256
006884.png	reject	9.7027	25.6667	512	256
006895.png	reject	7.7836	29.6667	512	256
006899.png	reject	15.4677	66.6667	512	256
006900.png	reject	7.7659	25.3333	512	256
006907.png	reject	26.1741	54.6667	512	256
006908.png	reject	8.5248	33.3333	512	256
006911.png	reject	10.3836	20.6667	512	256
006912.png	reject	10.4616	24.3333	512	256
006915.png	reject	27.1946	46.0000	512	256
006925.png	reject	8.5857	40.3333	512	256
006928.png	reject	12.4867	25.6667	512	256
006930.png	reject	13.2382	33.3333	512	256
006931.png	reject	30.0844	50.0000	512	256
006932.png	reject	19.1834	45.3333	512	256
006934.png	reject	8.9258	26.0000	512	256
006943.png	reject	18.4426	51.0000	512	256
006944.png	reject	10.6086	21.0000	512	256
006946.png	reject	14.0232	28.0000	512	256
006956.png	reject	10.5034	17.0000	512	256
006960.png	reject	17.0664	28.0000	512	256
006963.png	reject	7.1696	32.3333	512	256
006964.png	reject	11.5204	66.0000	512	256
006965.png	reject	8.7580	28.6667	512	256
006966.png	reject	22.0728	56.3333	512	256
006972.png	reject	7.6629	27.3333	512	256
006974.png	reject	10.0095	22.6667	512	256
006975.png	reject	8.4093	24.3333	512	256
006978.png	reject	8.8605	28.3333	512	256
006980.png	reject	5.4733	32.3333	512	256
006982.png	reject	39.2894	84.0000	512	256
006983.png	reject	5.6504	25.6667	512	256
006989.png	reject	12.8181	25.3333	512	256
006991.png	reject	18.5507	52.6667	512	256
006994.png	reject	23.0674	62.0000	512	256
006997.png	reject	8.3114	24.6667	512	256
007008.png	reject	19.0296	30.3333	512	256
007010.png	reject	17.3155	29.0000	512	256
007011.png	reject	19.1084	54.3333	512	256
007016.png	reject	11.3956	19.6667	512	256
007017.png	reject	11.4230	59.0000	512	256
007018.png	reject	9.1729	29.0000	512	256
007023.png	reject	13.8355	27.6667	512	256
007036.png	reject	13.8187	44.3333	512	256
007037.png	reject	22.5499	49.3333	512	256
007039.png	reject	9.3167	28.3333	512	256
007040.png	reject	12.0538	23.3333	512	256
007042.png	reject	20.6634	40.3333	512	256
007044.png	reject	19.3714	47.6667	512	256
007055.png	reject	14.8403	28.0000	512	256
007059.png	reject	10.3206	55.6667	512	256
007060.png	reject	18.1100	45.3333	512	256
007066.png	reject	6.3732	28.6667	512	256
007069.png	reject	25.2570	45.6667	512	256
007075.png	reject	31.1290	49.3333	512	256
007076.png	reject	11.3957	39.0000	512	256
007078.png	reject	9.0604	37.6667	512	256
007090.png	reject	14.6249	27.0000	512	256
007091.png	reject	18.9350	55.6667	512	256
007092.png	reject	19.3172	54.0000	512	256
007100.png	reject	16.6868	28.0000	512	256
007103.png	reject	8.8101	24.0000	512	256
007112.png	reject	27.8502	55.0000	512	256
007117.png	reject	7.1850	26.0000	512	256
007139.png	reject	16.0882	46.0000	512	256
007142.png	reject	14.8427	82.0000	512	256
007145.png	reject	8.5302	24.6667	512	256
007147.png	reject	14.1513	29.0000	512	256
007149.png	reject	14.9749	24.3333	512	256
007154.png	reject	20.3607	40.0000	512	256
007163.png	reject	12.7402	26.3333	512	256
007167.png	reject	23.5923	59.3333	512	256
007170.png	reject	11.0912	24.6667	512	256
007174.png	reject	8.6192	41.6667	512	256
007187.png	reject	7.4441	24.3333	512	256
007195.png	reject	14.0734	36.3333	512	256
007200.png	reject	17.0576	25.6667	512	256
007203.png	reject	13.7781	25.6667	512	256
007205.png	reject	14.2860	28.0000	512	256
007208.png	reject	12.9627	27.3333	512	256
007211.png	reject	25.9015	56.3333	512	256
007215.png	reject	12.4819	20.6667	512	256
007219.png	reject	9.0924	35.0000	512	256
007220.png	reject	19.4056	41.3333	512	256
007222.png	reject	13.4347	22.3333	512	256
007227.png	reject	10.1353	20.3333	512	256
007229.png	reject	22.1158	42.0000	512	256
007231.png	reject	16.9150	30.6667	512	256
007234.png	reject	21.7265	35.3333	512	256
007235.png	reject	19.7777	45.6667	512	256
007238.png	reject	8.1885	27.6667	512	256
007243.png	reject	6.7270	32.0000	512	256
007245.png	reject	23.9696	61.0000	512	256
007247.png	reject	13.4415	61.3333	512	256
007248.png	reject	10.4019	30.0000	512	256
007250.png	reject	19.8494	33.3333	512	256
007254.png	reject	9.9128	24.0000	512	256
007259.png	reject	10.7935	32.0000	512	256
007263.png	reject	10.8486	17.3333	512	256
007269.png	reject	8.4603	26.3333	512	256
007275.png	reject	13.1008	27.0000	512	256
007279.png	reject	25.2815	37.6667	512	256
007282.png	reject	9.9985	25.0000	512	256
007283.png	reject	11.3140	41.3333	512	256
007285.png	reject	10.1289	22.6667	512	256
007286.png	reject	26.5415	42.0000	512	256
007295.png	reject	19.9234	38.0000	512	256
007299.png	reject	15.4431	30.0000	512	256
007301.png	reject	7.9721	26.3333	512	256
007302.png	reject	17.5978	33.0000	512	256
007307.png	reject	13.9992	31.3333	512	256
007312.png	reject	8.9486	31.6667	512	256
007314.png	reject	11.4909	24.3333	512	256
007333.png	reject	13.8659	63.0000	512	256
007349.png	reject	21.9599	43.0000	512	256
007353.png	reject	11.8539	32.0000	512	256
007362.png	reject	10.3315	36.3333	512	256
007363.png	reject	12.0053	40.6667	512	256
007373.png	reject	10.0864	23.6667	512	256
007375.png	reject	11.5514	25.6667	512	256
007378.png	reject	17.8510	33.0000	512	256
007379.png	reject	8.6946	30.0000	512	256
007387.png	reject	13.5897	23.3333	512	256
007389.png	reject	15.8743	26.3333	512	256
007391.png	reject	10.6205	27.0000	512	256
007407.png	reject	7.4694	24.0000	512	256
007408.png	reject	16.0881	78.6667	512	256
007419.png	reject	9.7799	43.3333	512	256
007423.png	reject	13.6434	22.3333	512	256
007424.png	reject	32.0651	69.3333	512	256
007439.png	reject	9.5529	23.0000	512	256
007440.png	reject	7.0702	34.0000	512	256
007442.png	reject	12.3033	31.3333	512	256
007456.png	reject	12.8343	25.3333	512	256
007458.png	reject	8.1061	34.3333	512	256
007460.png	reject	10.0788	21.6667	512	256
007461.png	reject	15.2289	29.0000	512	256
007472.png	reject	10.0260	42.3333	512	256
007474.png	reject	11.5534	26.3333	512	256
007487.png	reject	12.9194	60.6667	512	256
007503.png	reject	13.2959	31.6667	512	256
007504.png	reject	8.8495	48.0000	512	256
007508.png	reject	11.6918	27.0000	512	256
007520.png	reject	9.4463	45.0000	512	256
007524.png	reject	21.5583	35.3333	512	256
007535.png	reject	12.2689	43.6667	512	256
007538.png	reject	28.6961	121.6667	512	256
007551.png	reject	11.4703	29.6667	512	256
007554.png	reject	12.6185	20.6667	512	256
007565.png	reject	14.6948	25.3333	512	256
007567.png	reject	14.3071	27.6667	512	256
007575.png	reject	25.5833	46.6667	512	256
007576.png	reject	10.7812	41.6667	512	256
007579.png	reject	10.9141	28.0000	512	256
007584.png	reject	12.4820	71.0000	512	256
007591.png	reject	12.4263	37.3333	512	256
007597.png	reject	13.0850	40.0000	512	256
007603.png	reject	14.4370	30.3333	512	256
007604.png	reject	5.4789	29.6667	512	256
007613.png	reject	38.1978	75.3333	512	256
007615.png	reject	21.0762	60.6667	512	256
007616.png	reject	11.2061	45.6667	512	256
007618.png	reject	17.5790	37.3333	512	256
007619.png	reject	27.1260	45.3333	512	256
007623.png	reject	7.9646	32.6667	512	256
007632.png	reject	19.5847	52.6667	512	256
007645.png	reject	32.8079	55.3333	512	256
007647.png	reject	12.9946	48.6667	512	256
007648.png	reject	14.0459	60.0000	512	256
007650.png	reject	10.5284	20.3333	512	256
007663.png	reject	13.9159	27.3333	512	256
007664.png	reject	13.4039	61.3333	512	256
007677.png	reject	8.5908	22.3333	512	256
007716.png	reject	7.2813	27.6667	512	256
007727.png	reject	19.0427	52.3333	512	256
007730.png	reject	13.5906	28.3333	512	256
007743.png	reject	10.9848	21.6667	512	256
007744.png	reject	9.3054	27.3333	512	256
007757.png	reject	10.8557	31.3333	512	256
007760.png	reject	32.9843	91.6667	512	256
007773.png	reject	5.9029	27.7500	512	256
007778.png	reject	13.0939	53.6667	512	256
007791.png	reject	20.3305	29.0000	512	256
007794.png	reject	22.0617	42.0000	512	256
007796.png	reject	8.9908	23.6667	512	256
007805.png	reject	10.8198	18.3333	512	256
007810.png	reject	6.7507	22.3333	512	256
007811.png	reject	13.0826	33.6667	512	256
007820.png	reject	19.5223	51.6667	512	256
007821.png	reject	10.0627	33.0000	512	256
007826.png	reject	25.3319	50.3333	512	256
007836.png	reject	12.4162	40.0000	512	256
007837.png	reject	13.6018	50.6667	512	256
007839.png	reject	21.8513	29.6667	512	256
007844.png	reject	20.2207	53.0000	512	256
007847.png	reject	24.6002	43.3333	512	256
007858.png	reject	14.7960	25.0000	512	256
007860.png	reject	14.0560	47.6667	512	256
007874.png	reject	12.5710	26.6667	512	256
007888.png	reject	17.2753	64.3333	512	256
007890.png	reject	22.2824	34.6667	512	256
007892.png	reject	16.4517	42.6667	512	256
007908.png	reject	10.4612	35.3333	512	256
007919.png	reject	9.5015	23.0000	512	256
007922.png	reject	13.5142	48.0000	512	256
007926.png	reject	14.8359	44.6667	512	256
007935.png	reject	17.4392	27.6667	512	256
007940.png	reject	16.9179	39.3333	512	256
007960.png	reject	6.9468	36.6667	512	256
007967.png	reject	11.6399	43.3333	512	256
007983.png	reject	11.3474	19.0000	512	256
007984.png	reject	15.5785	42.0000	512	256
007992.png	reject	13.3538	21.0000	512	256
008003.png	reject	13.4843	33.0000	512	256
008004.png	reject	20.1125	56.6667	512	256
008005.png	reject	8.8455	30.0000	512	256
008016.png	reject	13.9492	50.0000	512	256
008018.png	reject	11.7859	66.3333	512	256
008034.png	reject	9.5242	30.0000	512	256
008039.png	reject	17.9411	34.6667	512	256
008043.png	reject	11.1962	25.3333	512	256
008071.png	reject	10.2153	47.0000	512	256
008082.png	reject	12.2620	33.6667	512	256
008084.png	reject	11.0191	21.6667	512	256
008112.png	reject	9.6411	31.0000	512	256
008116.png	reject	17.0093	45.6667	512	256
008119.png	reject	6.1869	34.6667	512	256
008128.png	reject	12.8982	40.6667	512	256
008130.png	reject	12.1272	45.6667	512	256
008133.png	reject	8.4852	26.0000	512	256
008135.png	reject	15.6216	39.0000	512	256
008144.png	reject	9.8957	43.0000	512	256
008165.png	reject	28.6564	68.3333	512	256
008183.png	reject	14.5457	53.6667	512	256
008192.png	reject	17.6479	57.6667	512	256
008208.png	reject	10.8400	32.0000	512	256
008213.png	reject	11.3195	28.3333	512	256
008223.png	reject	8.4670	50.3333	512	256
008228.png	reject	24.1772	41.3333	512	256
008244.png	reject	11.0578	29.3333	512	256
008247.png	reject	18.0092	64.0000	512	256
008260.png	reject	20.6994	52.3333	512	256
008279.png	reject	21.3798	41.6667	512	256
008308.png	reject	12.4708	35.0000	512	256
008309.png	reject	7.4716	30.6667	512	256
008311.png	reject	12.8965	64.3333	512	256
008356.png	reject	9.6748	29.0000	512	256
008386.png	reject	9.6566	53.6667	512	256
008389.png	reject	8.7575	31.0000	512	256
008391.png	reject	25.2767	64.3333	512	256
008400.png	reject	4.9915	22.6667	512	256
008402.png	reject	18.4702	31.6667	512	256
008406.png	reject	10.3332	33.3333	512	256
008407.png	reject	36.8368	90.0000	512	256
008418.png	reject	9.0072	25.3333	512	256
008422.png	reject	10.1990	17.0000	512	256
008432.png	reject	16.4857	37.6667	512	256
008437.png	reject	9.3092	28.3333	512	256
008448.png	reject	7.1020	38.7500	512	256
008451.png	reject	10.1115	28.0000	512	256
008453.png	reject	17.1544	28.0000	512	256
008469.png	reject	13.9551	39.6667	512	256
008480.png	reject	8.5053	42.3333	512	256
008484.png	reject	13.9055	21.6667	512	256
008485.png	reject	10.1491	14.3333	512	256
008493.png	reject	20.2295	33.6667	512	256
008496.png	reject	21.5047	52.3333	512	256
008499.png	reject	11.7820	31.0000	512	256
008512.png	reject	16.4777	53.0000	512	256
008514.png	reject	13.8087	38.3333	512	256
008525.png	reject	28.0678	63.6667	512	256
008531.png	reject	23.9907	68.3333	512	256
008546.png	reject	12.6419	42.6667	512	256
008560.png	reject	8.6071	36.3333	512	256
008564.png	reject	19.3424	39.3333	512	256
008569.png	reject	18.1724	57.0000	512	256
008576.png	reject	13.5538	50.6667	512	256
008582.png	reject	12.4405	31.0000	512	256
008594.png	reject	12.6366	20.3333	512	256
008610.png	reject	7.9737	29.6667	512	256
008612.png	reject	15.7011	54.3333	512	256
008621.png	reject	15.0336	43.0000	512	256
008626.png	reject	12.1596	30.6667	512	256
008631.png	reject	17.6648	45.0000	512	256
008639.png	reject	11.9538	34.6667	512	256
008640.png	reject	13.7323	51.0000	512	256
008642.png	reject	17.6749	34.0000	512	256
008658.png	reject	12.3772	40.3333	512	256
008660.png	reject	9.4622	39.3333	512	256
008671.png	reject	13.6265	37.3333	512	256
008687.png	reject	17.3930	32.6667	512	256
008691.png	reject	6.6617	22.3333	512	256
008695.png	reject	23.7333	103.6667	512	256
008703.png	reject	5.5555	26.3333	512	256
008719.png	reject	22.5022	43.0000	512	256
008738.png	reject	16.9549	41.0000	512	256
008755.png	reject	10.3673	16.6667	512	256
008772.png	reject	7.9885	28.0000	512	256
008773.png	reject	8.6362	27.6667	512	256
008783.png	reject	8.3916	25.6667	512	256
008836.png	reject	6.9739	40.3333	512	256
008837.png	reject	17.0299	47.6667	512	256
008850.png	reject	14.5110	34.6667	512	256
008854.png	reject	17.5575	28.0000	512	256
008866.png	reject	9.2441	24.6667	512	256
008882.png	reject	10.5902	22.0000	512	256
008898.png	reject	21.7713	63.0000	512	256
008914.png	reject	6.5086	24.3333	512	256
008919.png	reject	15.8157	50.6667	512	256
008930.png	reject	5.9956	25.6667	512	256
008935.png	reject	14.8367	41.3333	512	256
008962.png	reject	8.9467	29.6667	512	256
008963.png	reject	8.1182	24.3333	512	256
008967.png	reject	19.8553	55.3333	512	256
008995.png	reject	23.6516	33.3333	512	256
009015.png	reject	12.4480	65.6667	512	256
009023.png	reject	23.6000	38.3333	512	256
009026.png	reject	13.7254	24.0000	512	256
009047.png	reject	19.1520	43.3333	512	256
009059.png	reject	7.1289	25.6667	512	256
009075.png	reject	27.4717	40.0000	512	256
009090.png	reject	9.2076	29.0000	512	256
009091.png	reject	20.7428	38.0000	512	256
009135.png	reject	10.3279	32.0000	512	256
009151.png	reject	11.0793	58.6667	512	256
009199.png	reject	10.9305	20.3333	512	256
009203.png	reject	9.1714	26.6667	512	256
009215.png	reject	9.0340	26.6667	512	256
009218.png	reject	7.3756	22.6667	512	256
009271.png	reject	14.5193	33.6667	512	256
009272.png	reject	16.5680	36.0000	512	256
009280.png	reject	9.6180	29.6667	512	256
009296.png	reject	16.7499	45.3333	512	256
009311.png	reject	11.9546	27.3333	512	256
009343.png	reject	16.1556	30.6667	512	256
009367.png	reject	17.2483	49.3333	512	256
009383.png	reject	11.0317	30.3333	512	256
009397.png	reject	12.3792	72.0000	512	256
009399.png	reject	8.9870	23.3333	512	256
009439.png	reject	20.4843	35.0000	512	256
009475.png	reject	17.4902	32.0000	512	256
009535.png	reject	17.5280	24.6667	512	256
009551.png	reject	14.9328	33.6667	512	256
009556.png	reject	22.9587	32.6667	512	256
009570.png	reject	17.7654	45.0000	512	256
009575.png	reject	18.2087	77.6667	512	256
009583.png	reject	13.6518	34.3333	512	256
009599.png	reject	10.3166	30.6667	512	256
009602.png	reject	10.7197	23.3333	512	256
009667.png	reject	8.4642	37.0000	512	256
009698.png	reject	13.6686	40.6667	512	256
009700.png	reject	18.0684	35.6667	512	256
009762.png	reject	6.5727	22.3333	512	256
009764.png	reject	12.7886	38.3333	512	256
009779.png	reject	9.7645	25.3333	512	256
009796.png	reject	13.9291	23.0000	512	256
009815.png	reject	10.1985	22.3333	512	256
009840.png	reject	12.2938	74.6667	512	256
009875.png	reject	12.2460	19.6667	512	256
009924.png	reject	7.8470	28.3333	512	256
009974.png	reject	13.4006	28.6667	512	256
009984.png	reject	10.2152	20.6667	512	256
010127.png	reject	18.5762	39.6667	512	256
010199.png	reject	19.7837	41.3333	512	256
010304.png	reject	10.9012	29.6667	512	256
010370.png	reject	7.9826	26.6667	512	256
010372.png	reject	10.0036	49.6667	512	256
010432.png	reject	7.9827	29.3333	512	256
010436.png	reject	11.6074	52.0000	512	256
010455.png	reject	7.9177	26.3333	512	256
010642.png	reject	10.2956	21.0000	512	256
010720.png	reject	17.5228	39.3333	512	256
010722.png	reject	12.3234	26.0000	512	256
010738.png	reject	12.4528	23.6667	512	256
010754.png	reject	17.0460	28.0000	512	256
010770.png	reject	16.7294	46.0000	512	256
010871.png	reject	7.9687	25.6667	512	256
010916.png	reject	17.1574	72.6667	512	256
011266.png	reject	11.4019	54.3333	512	256
011282.png	reject	11.0364	25.3333	512	256
011392.png	reject	11.0134	26.0000	512	256
011424.png	reject	6.3007	28.6667	512	256
011488.png	reject	10.8001	26.6667	512	256
011490.png	reject	12.3577	16.6667	512	256
011666.png	reject	20.7327	51.6667	512	256
011792.png	reject	7.2322	22.3333	512	256
011840.png	reject	9.6212	34.6667	512	256
011856.png	reject	8.3281	26.6667	512	256
011872.png	reject	12.0706	24.0000	512	256
