year_month	source_sides	planet_date	window_days	start_day	end_day
2020-03	lower_only	2020-03-16	5	2020-03-11	2020-03-21
2020-03	lower_only	2020-03-26	5	2020-03-21	2020-03-31
2020-05	lower_only	2020-05-11	5	2020-05-06	2020-05-16
2020-05	lower_only	2020-05-18	5	2020-05-13	2020-05-23
2020-07	lower_only	2020-07-10	5	2020-07-05	2020-07-15
2020-07	lower_only	2020-07-12	5	2020-07-07	2020-07-17
2020-07	lower_only	2020-07-13	5	2020-07-08	2020-07-18
2020-07	lower_only	2020-07-17	5	2020-07-12	2020-07-22
2020-07	lower_only	2020-07-18	5	2020-07-13	2020-07-23
2020-09	lower_only	2020-09-10	5	2020-09-05	2020-09-15
2020-09	lower_only	2020-09-11	5	2020-09-06	2020-09-16
2020-09	lower_only	2020-09-12	5	2020-09-07	2020-09-17
2020-09	lower_only	2020-09-14	5	2020-09-09	2020-09-19
2020-09	lower_only	2020-09-15	5	2020-09-10	2020-09-20
2020-09	lower_only	2020-09-17	5	2020-09-12	2020-09-22
2020-09	lower_only	2020-09-18	5	2020-09-13	2020-09-23
2020-09	lower_only	2020-09-19	5	2020-09-14	2020-09-24
2020-11	lower_only	2020-11-10	5	2020-11-05	2020-11-15
2020-11	lower_only	2020-11-11	5	2020-11-06	2020-11-16
2020-11	lower_only	2020-11-12	5	2020-11-07	2020-11-17
2020-11	lower_only	2020-11-13	5	2020-11-08	2020-11-18
2020-11	lower_only	2020-11-15	5	2020-11-10	2020-11-20
2020-11	lower_only	2020-11-16	5	2020-11-11	2020-11-21
2020-11	lower_only	2020-11-17	5	2020-11-12	2020-11-22
2020-11	lower_only	2020-11-18	5	2020-11-13	2020-11-23
2020-11	lower_only	2020-11-19	5	2020-11-14	2020-11-24
2021-01	both	2021-01-12	5	2021-01-07	2021-01-17
2021-01	both	2021-01-13	5	2021-01-08	2021-01-18
2021-01	both	2021-01-14	5	2021-01-09	2021-01-19
2021-01	both	2021-01-15	5	2021-01-10	2021-01-20
2021-01	both	2021-01-16	5	2021-01-11	2021-01-21
2021-01	both	2021-01-17	5	2021-01-12	2021-01-22
2021-01	both	2021-01-18	5	2021-01-13	2021-01-23
2021-03	both	2021-03-12	5	2021-03-07	2021-03-17
2021-03	both	2021-03-13	5	2021-03-08	2021-03-18
2021-03	both	2021-03-14	5	2021-03-09	2021-03-19
2021-03	both	2021-03-15	5	2021-03-10	2021-03-20
2021-03	both	2021-03-16	5	2021-03-11	2021-03-21
2021-03	both	2021-03-19	5	2021-03-14	2021-03-24
2021-05	both	2021-05-12	5	2021-05-07	2021-05-17
2021-05	both	2021-05-13	5	2021-05-08	2021-05-18
2021-05	both	2021-05-14	5	2021-05-09	2021-05-19
2021-05	both	2021-05-15	5	2021-05-10	2021-05-20
2021-05	both	2021-05-16	5	2021-05-11	2021-05-21
2021-07	upper_only	2021-07-10	5	2021-07-05	2021-07-15
2021-07	upper_only	2021-07-13	5	2021-07-08	2021-07-18
2021-07	upper_only	2021-07-14	5	2021-07-09	2021-07-19
2021-07	upper_only	2021-07-15	5	2021-07-10	2021-07-20
2021-07	upper_only	2021-07-17	5	2021-07-12	2021-07-22
2021-09	both	2021-09-10	5	2021-09-05	2021-09-15
2021-09	both	2021-09-11	5	2021-09-06	2021-09-16
2021-09	both	2021-09-12	5	2021-09-07	2021-09-17
2021-09	both	2021-09-13	5	2021-09-08	2021-09-18
2021-09	both	2021-09-14	5	2021-09-09	2021-09-19
2021-09	both	2021-09-15	5	2021-09-10	2021-09-20
2021-09	both	2021-09-16	5	2021-09-11	2021-09-21
2021-11	both	2021-11-10	5	2021-11-05	2021-11-15
2021-11	both	2021-11-11	5	2021-11-06	2021-11-16
2021-11	both	2021-11-12	5	2021-11-07	2021-11-17
2021-11	both	2021-11-13	5	2021-11-08	2021-11-18
2021-11	both	2021-11-14	5	2021-11-09	2021-11-19
2021-11	both	2021-11-15	5	2021-11-10	2021-11-20
2021-11	both	2021-11-16	5	2021-11-11	2021-11-21
2021-11	both	2021-11-17	5	2021-11-12	2021-11-22
2021-11	both	2021-11-18	5	2021-11-13	2021-11-23
2021-11	both	2021-11-19	5	2021-11-14	2021-11-24
2022-01	both	2022-01-10	5	2022-01-05	2022-01-15
2022-01	both	2022-01-11	5	2022-01-06	2022-01-16
2022-01	both	2022-01-12	5	2022-01-07	2022-01-17
2022-01	both	2022-01-13	5	2022-01-08	2022-01-18
2022-01	both	2022-01-14	5	2022-01-09	2022-01-19
2022-01	both	2022-01-16	5	2022-01-11	2022-01-21
2022-01	both	2022-01-17	5	2022-01-12	2022-01-22
2022-01	both	2022-01-18	5	2022-01-13	2022-01-23
2022-03	both	2022-03-10	5	2022-03-05	2022-03-15
2022-03	both	2022-03-11	5	2022-03-06	2022-03-16
2022-03	both	2022-03-12	5	2022-03-07	2022-03-17
2022-03	both	2022-03-13	5	2022-03-08	2022-03-18
2022-03	both	2022-03-14	5	2022-03-09	2022-03-19
2022-03	both	2022-03-16	5	2022-03-11	2022-03-21
2022-03	both	2022-03-17	5	2022-03-12	2022-03-22
2022-03	both	2022-03-18	5	2022-03-13	2022-03-23
2022-03	both	2022-03-19	5	2022-03-14	2022-03-24
2022-05	both	2022-05-10	5	2022-05-05	2022-05-15
2022-05	both	2022-05-11	5	2022-05-06	2022-05-16
2022-05	both	2022-05-12	5	2022-05-07	2022-05-17
2022-05	both	2022-05-13	5	2022-05-08	2022-05-18
2022-05	both	2022-05-14	5	2022-05-09	2022-05-19
2022-05	both	2022-05-15	5	2022-05-10	2022-05-20
2022-05	both	2022-05-16	5	2022-05-11	2022-05-21
2022-05	both	2022-05-17	5	2022-05-12	2022-05-22
2022-05	both	2022-05-18	5	2022-05-13	2022-05-23
2022-05	both	2022-05-19	5	2022-05-14	2022-05-24
2022-07	both	2022-07-10	5	2022-07-05	2022-07-15
2022-07	both	2022-07-11	5	2022-07-06	2022-07-16
2022-07	both	2022-07-12	5	2022-07-07	2022-07-17
2022-07	both	2022-07-13	5	2022-07-08	2022-07-18
2022-07	both	2022-07-14	5	2022-07-09	2022-07-19
2022-07	both	2022-07-15	5	2022-07-10	2022-07-20
2022-07	both	2022-07-16	5	2022-07-11	2022-07-21
2022-07	both	2022-07-17	5	2022-07-12	2022-07-22
2022-07	both	2022-07-18	5	2022-07-13	2022-07-23
2022-07	both	2022-07-19	5	2022-07-14	2022-07-24
2022-09	both	2022-09-12	5	2022-09-07	2022-09-17
2022-09	both	2022-09-13	5	2022-09-08	2022-09-18
2022-09	both	2022-09-14	5	2022-09-09	2022-09-19
2022-09	both	2022-09-15	5	2022-09-10	2022-09-20
2022-09	both	2022-09-16	5	2022-09-11	2022-09-21
2022-09	both	2022-09-17	5	2022-09-12	2022-09-22
2022-09	both	2022-09-18	5	2022-09-13	2022-09-23
2022-09	both	2022-09-19	5	2022-09-14	2022-09-24
2022-11	both	2022-11-10	5	2022-11-05	2022-11-15
2022-11	both	2022-11-11	5	2022-11-06	2022-11-16
2022-11	both	2022-11-12	5	2022-11-07	2022-11-17
2022-11	both	2022-11-13	5	2022-11-08	2022-11-18
2022-11	both	2022-11-14	5	2022-11-09	2022-11-19
2022-11	both	2022-11-16	5	2022-11-11	2022-11-21
2022-11	both	2022-11-17	5	2022-11-12	2022-11-22
2022-11	both	2022-11-18	5	2022-11-13	2022-11-23
2022-11	both	2022-11-19	5	2022-11-14	2022-11-24
2023-01	both	2023-01-10	5	2023-01-05	2023-01-15
2023-01	both	2023-01-11	5	2023-01-06	2023-01-16
2023-01	both	2023-01-12	5	2023-01-07	2023-01-17
2023-01	both	2023-01-14	5	2023-01-09	2023-01-19
2023-01	both	2023-01-15	5	2023-01-10	2023-01-20
2023-01	both	2023-01-17	5	2023-01-12	2023-01-22
2023-01	both	2023-01-19	5	2023-01-14	2023-01-24
2023-03	both	2023-03-10	5	2023-03-05	2023-03-15
2023-03	both	2023-03-12	5	2023-03-07	2023-03-17
2023-03	both	2023-03-13	5	2023-03-08	2023-03-18
2023-03	both	2023-03-14	5	2023-03-09	2023-03-19
2023-03	both	2023-03-15	5	2023-03-10	2023-03-20
2023-03	both	2023-03-16	5	2023-03-11	2023-03-21
2023-03	both	2023-03-17	5	2023-03-12	2023-03-22
2023-03	both	2023-03-18	5	2023-03-13	2023-03-23
2023-03	both	2023-03-19	5	2023-03-14	2023-03-24
2023-05	both	2023-05-10	5	2023-05-05	2023-05-15
2023-05	both	2023-05-12	5	2023-05-07	2023-05-17
2023-05	both	2023-05-13	5	2023-05-08	2023-05-18
2023-05	both	2023-05-14	5	2023-05-09	2023-05-19
2023-05	both	2023-05-15	5	2023-05-10	2023-05-20
2023-05	both	2023-05-16	5	2023-05-11	2023-05-21
2023-05	both	2023-05-17	5	2023-05-12	2023-05-22
2023-05	both	2023-05-18	5	2023-05-13	2023-05-23
2023-05	both	2023-05-19	5	2023-05-14	2023-05-24
2023-07	both	2023-07-10	5	2023-07-05	2023-07-15
2023-07	both	2023-07-11	5	2023-07-06	2023-07-16
2023-07	both	2023-07-12	5	2023-07-07	2023-07-17
2023-07	both	2023-07-13	5	2023-07-08	2023-07-18
2023-07	both	2023-07-15	5	2023-07-10	2023-07-20
2023-07	both	2023-07-16	5	2023-07-11	2023-07-21
2023-07	both	2023-07-17	5	2023-07-12	2023-07-22
2023-07	both	2023-07-19	5	2023-07-14	2023-07-24
2023-09	both	2023-09-10	5	2023-09-05	2023-09-15
2023-09	both	2023-09-11	5	2023-09-06	2023-09-16
2023-09	both	2023-09-13	5	2023-09-08	2023-09-18
2023-09	both	2023-09-14	5	2023-09-09	2023-09-19
2023-09	both	2023-09-15	5	2023-09-10	2023-09-20
2023-09	both	2023-09-16	5	2023-09-11	2023-09-21
2023-09	both	2023-09-17	5	2023-09-12	2023-09-22
2023-09	both	2023-09-18	5	2023-09-13	2023-09-23
2023-09	both	2023-09-19	5	2023-09-14	2023-09-24
2023-11	both	2023-11-10	5	2023-11-05	2023-11-15
2023-11	both	2023-11-11	5	2023-11-06	2023-11-16
2023-11	both	2023-11-12	5	2023-11-07	2023-11-17
2023-11	both	2023-11-13	5	2023-11-08	2023-11-18
2023-11	both	2023-11-14	5	2023-11-09	2023-11-19
2023-11	both	2023-11-15	5	2023-11-10	2023-11-20
2023-11	both	2023-11-16	5	2023-11-11	2023-11-21
2023-11	both	2023-11-17	5	2023-11-12	2023-11-22
2023-11	both	2023-11-18	5	2023-11-13	2023-11-23
2023-11	both	2023-11-19	5	2023-11-14	2023-11-24
2024-01	both	2024-01-10	5	2024-01-05	2024-01-15
2024-01	both	2024-01-11	5	2024-01-06	2024-01-16
2024-01	both	2024-01-12	5	2024-01-07	2024-01-17
2024-01	both	2024-01-13	5	2024-01-08	2024-01-18
2024-01	both	2024-01-16	5	2024-01-11	2024-01-21
2024-01	both	2024-01-17	5	2024-01-12	2024-01-22
2024-01	both	2024-01-19	5	2024-01-14	2024-01-24
2024-02	both	2024-02-11	5	2024-02-06	2024-02-16
2024-02	both	2024-02-13	5	2024-02-08	2024-02-18
2024-02	both	2024-02-14	5	2024-02-09	2024-02-19
2024-02	both	2024-02-15	5	2024-02-10	2024-02-20
2024-02	both	2024-02-16	5	2024-02-11	2024-02-21
2024-02	both	2024-02-17	5	2024-02-12	2024-02-22
2024-02	both	2024-02-18	5	2024-02-13	2024-02-23
2024-02	both	2024-02-19	5	2024-02-14	2024-02-24
2024-03	both	2024-03-10	5	2024-03-05	2024-03-15
2024-03	both	2024-03-11	5	2024-03-06	2024-03-16
2024-03	both	2024-03-12	5	2024-03-07	2024-03-17
2024-03	both	2024-03-13	5	2024-03-08	2024-03-18
2024-03	both	2024-03-16	5	2024-03-11	2024-03-21
2024-03	both	2024-03-17	5	2024-03-12	2024-03-22
2024-03	both	2024-03-18	5	2024-03-13	2024-03-23
2024-03	both	2024-03-19	5	2024-03-14	2024-03-24
2024-04	both	2024-04-11	5	2024-04-06	2024-04-16
2024-04	both	2024-04-12	5	2024-04-07	2024-04-17
2024-04	both	2024-04-13	5	2024-04-08	2024-04-18
2024-04	both	2024-04-14	5	2024-04-09	2024-04-19
2024-04	both	2024-04-15	5	2024-04-10	2024-04-20
2024-04	both	2024-04-17	5	2024-04-12	2024-04-22
2024-05	both	2024-05-10	5	2024-05-05	2024-05-15
2024-05	both	2024-05-12	5	2024-05-07	2024-05-17
2024-05	both	2024-05-15	5	2024-05-10	2024-05-20
2024-05	both	2024-05-16	5	2024-05-11	2024-05-21
2024-05	both	2024-05-18	5	2024-05-13	2024-05-23
2024-05	both	2024-05-19	5	2024-05-14	2024-05-24
2024-06	both	2024-06-10	5	2024-06-05	2024-06-15
2024-06	both	2024-06-11	5	2024-06-06	2024-06-16
2024-06	both	2024-06-12	5	2024-06-07	2024-06-17
2024-06	both	2024-06-13	5	2024-06-08	2024-06-18
2024-06	both	2024-06-14	5	2024-06-09	2024-06-19
2024-06	both	2024-06-15	5	2024-06-10	2024-06-20
2024-06	both	2024-06-16	5	2024-06-11	2024-06-21
2024-06	both	2024-06-17	5	2024-06-12	2024-06-22
2024-06	both	2024-06-19	5	2024-06-14	2024-06-24
2024-07	both	2024-07-10	5	2024-07-05	2024-07-15
2024-07	both	2024-07-11	5	2024-07-06	2024-07-16
2024-07	both	2024-07-12	5	2024-07-07	2024-07-17
2024-07	both	2024-07-13	5	2024-07-08	2024-07-18
2024-07	both	2024-07-14	5	2024-07-09	2024-07-19
2024-07	both	2024-07-15	5	2024-07-10	2024-07-20
2024-07	both	2024-07-16	5	2024-07-11	2024-07-21
2024-07	both	2024-07-17	5	2024-07-12	2024-07-22
2024-07	both	2024-07-18	5	2024-07-13	2024-07-23
2024-07	both	2024-07-19	5	2024-07-14	2024-07-24
2024-08	both	2024-08-10	5	2024-08-05	2024-08-15
2024-08	both	2024-08-11	5	2024-08-06	2024-08-16
2024-08	both	2024-08-12	5	2024-08-07	2024-08-17
2024-08	both	2024-08-13	5	2024-08-08	2024-08-18
2024-08	both	2024-08-14	5	2024-08-09	2024-08-19
2024-08	both	2024-08-15	5	2024-08-10	2024-08-20
2024-08	both	2024-08-16	5	2024-08-11	2024-08-21
2024-08	both	2024-08-17	5	2024-08-12	2024-08-22
2024-08	both	2024-08-18	5	2024-08-13	2024-08-23
2024-08	both	2024-08-19	5	2024-08-14	2024-08-24
2024-09	both	2024-09-10	5	2024-09-05	2024-09-15
2024-09	both	2024-09-11	5	2024-09-06	2024-09-16
2024-09	both	2024-09-17	5	2024-09-12	2024-09-22
2024-09	both	2024-09-18	5	2024-09-13	2024-09-23
2024-09	both	2024-09-19	5	2024-09-14	2024-09-24
2024-10	both	2024-10-10	5	2024-10-05	2024-10-15
2024-10	both	2024-10-11	5	2024-10-06	2024-10-16
2024-10	both	2024-10-12	5	2024-10-07	2024-10-17
2024-10	both	2024-10-13	5	2024-10-08	2024-10-18
2024-10	both	2024-10-14	5	2024-10-09	2024-10-19
2024-10	both	2024-10-15	5	2024-10-10	2024-10-20
2024-10	both	2024-10-16	5	2024-10-11	2024-10-21
2024-10	both	2024-10-17	5	2024-10-12	2024-10-22
2024-10	both	2024-10-18	5	2024-10-13	2024-10-23
2024-10	both	2024-10-19	5	2024-10-14	2024-10-24
2024-11	both	2024-11-10	5	2024-11-05	2024-11-15
2024-11	both	2024-11-11	5	2024-11-06	2024-11-16
2024-11	both	2024-11-12	5	2024-11-07	2024-11-17
2024-11	both	2024-11-14	5	2024-11-09	2024-11-19
2024-11	both	2024-11-15	5	2024-11-10	2024-11-20
2024-11	both	2024-11-16	5	2024-11-11	2024-11-21
2024-11	both	2024-11-17	5	2024-11-12	2024-11-22
2024-11	both	2024-11-18	5	2024-11-13	2024-11-23
2024-11	both	2024-11-19	5	2024-11-14	2024-11-24
2024-12	both	2024-12-10	5	2024-12-05	2024-12-15
2024-12	both	2024-12-11	5	2024-12-06	2024-12-16
2024-12	both	2024-12-12	5	2024-12-07	2024-12-17
2024-12	both	2024-12-13	5	2024-12-08	2024-12-18
2024-12	both	2024-12-17	5	2024-12-12	2024-12-22
2024-12	both	2024-12-19	5	2024-12-14	2024-12-24
