split	sample_id	scene_id	sentinel_request_id	sentinel_request_root	sentinel_date	planet_bounds
train	000010	lower__20200326_160120_30_2277_3B_AnalyticMS_SR_8b_clip	pm5__20200311_20200331__0002	/scrfs/storage/yikebe/home/research/AR_Crop_Identification/make_dataset/raw_sentinel/pm5/pm5__20200311_20200331__0002	2020-03-26	630417.00000000,3714540.00000000,631185.00000000,3715308.00000000
train	000026	lower__20200326_160120_30_2277_3B_AnalyticMS_SR_8b_clip	pm5__20200311_20200331__0002	/scrfs/storage/yikebe/home/research/AR_Crop_Identification/make_dataset/raw_sentinel/pm5/pm5__20200311_20200331__0002	2020-03-26	631185.00000000,3713772.00000000,631953.00000000,3714540.00000000
train	000042	lower__20200511_155959_82_2263_3B_AnalyticMS_SR_8b_clip	pm5__20200506_20200523__0007	/scrfs/storage/yikebe/home/research/AR_Crop_Identification/make_dataset/raw_sentinel/pm5/pm5__20200506_20200523__0007	2020-05-10	694194.00000000,3823452.00000000,694962.00000000,3824220.00000000
train	000058	lower__20200511_155959_82_2263_3B_AnalyticMS_SR_8b_clip	pm5__20200506_20200523__0007	/scrfs/storage/yikebe/home/research/AR_Crop_Identification/make_dataset/raw_sentinel/pm5/pm5__20200506_20200523__0007	2020-05-10	693426.00000000,3821916.00000000,694194.00000000,3822684.00000000
train	000074	lower__20200511_155959_82_2263_3B_AnalyticMS_SR_8b_clip	pm5__20200506_20200523__0007	/scrfs/storage/yikebe/home/research/AR_Crop_Identification/make_dataset/raw_sentinel/pm5/pm5__20200506_20200523__0007	2020-05-10	692658.00000000,3821148.00000000,693426.00000000,3821916.00000000
train	000090	lower__20200511_155959_82_2263_3B_AnalyticMS_SR_8b_clip	pm5__20200506_20200523__0007	/scrfs/storage/yikebe/home/research/AR_Crop_Identification/make_dataset/raw_sentinel/pm5/pm5__20200506_20200523__0007	2020-05-10	706482.00000000,3821148.00000000,707250.00000000,3821916.00000000
train	000106	lower__20200511_155959_82_2263_3B_AnalyticMS_SR_8b_clip	pm5__20200506_20200523__0007	/scrfs/storage/yikebe/home/research/AR_Crop_Identification/make_dataset/raw_sentinel/pm5/pm5__20200506_20200523__0007	2020-05-10	694194.00000000,3818844.00000000,694962.00000000,3819612.00000000
train	000122	lower__20200511_155959_82_2263_3B_AnalyticMS_SR_8b_clip	pm5__20200506_20200523__0007	/scrfs/storage/yikebe/home/research/AR_Crop_Identification/make_dataset/raw_sentinel/pm5/pm5__20200506_20200523__0007	2020-05-10	700338.00000000,3818844.00000000,701106.00000000,3819612.00000000
train	000138	lower__20200511_155959_82_2263_3B_AnalyticMS_SR_8b_clip	pm5__20200506_20200523__0007	/scrfs/storage/yikebe/home/research/AR_Crop_Identification/make_dataset/raw_sentinel/pm5/pm5__20200506_20200523__0007	2020-05-10	708786.00000000,3817308.00000000,709554.00000000,3818076.00000000
train	000154	lower__20200511_155959_82_2263_3B_AnalyticMS_SR_8b_clip	pm5__20200506_20200523__0007	/scrfs/storage/yikebe/home/research/AR_Crop_Identification/make_dataset/raw_sentinel/pm5/pm5__20200506_20200523__0007	2020-05-10	693426.00000000,3811932.00000000,694194.00000000,3812700.00000000
train	000170	lower__20200511_155959_82_2263_3B_AnalyticMS_SR_8b_clip	pm5__20200506_20200523__0007	/scrfs/storage/yikebe/home/research/AR_Crop_Identification/make_dataset/raw_sentinel/pm5/pm5__20200506_20200523__0007	2020-05-10	715698.00000000,3810396.00000000,716466.00000000,3811164.00000000
train	000186	lower__20200511_155959_82_2263_3B_AnalyticMS_SR_8b_clip	pm5__20200506_20200523__0007	/scrfs/storage/yikebe/home/research/AR_Crop_Identification/make_dataset/raw_sentinel/pm5/pm5__20200506_20200523__0007	2020-05-10	713394.00000000,3809628.00000000,714162.00000000,3810396.00000000
train	000202	lower__20200511_155959_82_2263_3B_AnalyticMS_SR_8b_clip	pm5__20200506_20200523__0007	/scrfs/storage/yikebe/home/research/AR_Crop_Identification/make_dataset/raw_sentinel/pm5/pm5__20200506_20200523__0007	2020-05-10	714162.00000000,3808860.00000000,714930.00000000,3809628.00000000
train	000218	lower__20200511_155959_82_2263_3B_AnalyticMS_SR_8b_clip	pm5__20200506_20200523__0007	/scrfs/storage/yikebe/home/research/AR_Crop_Identification/make_dataset/raw_sentinel/pm5/pm5__20200506_20200523__0007	2020-05-10	714930.00000000,3808860.00000000,715698.00000000,3809628.00000000
train	000234	lower__20200511_155959_82_2263_3B_AnalyticMS_SR_8b_clip	pm5__20200506_20200523__0007	/scrfs/storage/yikebe/home/research/AR_Crop_Identification/make_dataset/raw_sentinel/pm5/pm5__20200506_20200523__0007	2020-05-10	713394.00000000,3808092.00000000,714162.00000000,3808860.00000000
train	000250	lower__20200511_155959_82_2263_3B_AnalyticMS_SR_8b_clip	pm5__20200506_20200523__0007	/scrfs/storage/yikebe/home/research/AR_Crop_Identification/make_dataset/raw_sentinel/pm5/pm5__20200506_20200523__0007	2020-05-10	714162.00000000,3808092.00000000,714930.00000000,3808860.00000000
train	000266	lower__20200511_155959_82_2263_3B_AnalyticMS_SR_8b_clip	pm5__20200506_20200523__0007	/scrfs/storage/yikebe/home/research/AR_Crop_Identification/make_dataset/raw_sentinel/pm5/pm5__20200506_20200523__0007	2020-05-10	702642.00000000,3803484.00000000,703410.00000000,3804252.00000000
train	000282	lower__20200511_155959_82_2263_3B_AnalyticMS_SR_8b_clip	pm5__20200506_20200523__0007	/scrfs/storage/yikebe/home/research/AR_Crop_Identification/make_dataset/raw_sentinel/pm5/pm5__20200506_20200523__0007	2020-05-10	700338.00000000,3801948.00000000,701106.00000000,3802716.00000000
train	000298	lower__20200511_155959_82_2263_3B_AnalyticMS_SR_8b_clip	pm5__20200506_20200523__0007	/scrfs/storage/yikebe/home/research/AR_Crop_Identification/make_dataset/raw_sentinel/pm5/pm5__20200506_20200523__0007	2020-05-10	701106.00000000,3801948.00000000,701874.00000000,3802716.00000000
train	000314	lower__20200518_160605_66_2304_3B_AnalyticMS_SR_8b_clip	pm5__20200506_20200523__0008	/scrfs/storage/yikebe/home/research/AR_Crop_Identification/make_dataset/raw_sentinel/pm5/pm5__20200506_20200523__0008	2020-05-18	602292.00000000,3781215.00000000,603060.00000000,3781983.00000000
train	000330	lower__20200910_155855_81_220b_3B_AnalyticMS_SR_8b_clip	pm5__20200905_20200924__0025	/scrfs/storage/yikebe/home/research/AR_Crop_Identification/make_dataset/raw_sentinel/pm5/pm5__20200905_20200924__0025	2020-09-07	712821.00000000,3748308.00000000,713589.00000000,3749076.00000000
train	000346	lower__20200910_155855_81_220b_3B_AnalyticMS_SR_8b_clip	pm5__20200905_20200924__0025	/scrfs/storage/yikebe/home/research/AR_Crop_Identification/make_dataset/raw_sentinel/pm5/pm5__20200905_20200924__0025	2020-09-07	705909.00000000,3746772.00000000,706677.00000000,3747540.00000000
train	000362	lower__20200910_155855_81_220b_3B_AnalyticMS_SR_8b_clip	pm5__20200905_20200924__0025	/scrfs/storage/yikebe/home/research/AR_Crop_Identification/make_dataset/raw_sentinel/pm5/pm5__20200905_20200924__0025	2020-09-07	733557.00000000,3746772.00000000,734325.00000000,3747540.00000000
train	000378	lower__20200910_155855_81_220b_3B_AnalyticMS_SR_8b_clip	pm5__20200905_20200924__0025	/scrfs/storage/yikebe/home/research/AR_Crop_Identification/make_dataset/raw_sentinel/pm5/pm5__20200905_20200924__0025	2020-09-07	705909.00000000,3746004.00000000,706677.00000000,3746772.00000000
train	000394	lower__20200910_155855_81_220b_3B_AnalyticMS_SR_8b_clip	pm5__20200905_20200924__0025	/scrfs/storage/yikebe/home/research/AR_Crop_Identification/make_dataset/raw_sentinel/pm5/pm5__20200905_20200924__0025	2020-09-07	723573.00000000,3746004.00000000,724341.00000000,3746772.00000000
train	000410	lower__20200910_155855_81_220b_3B_AnalyticMS_SR_8b_clip	pm5__20200905_20200924__0025	/scrfs/storage/yikebe/home/research/AR_Crop_Identification/make_dataset/raw_sentinel/pm5/pm5__20200905_20200924__0025	2020-09-07	736629.00000000,3746004.00000000,737397.00000000,3746772.00000000
train	000426	lower__20200910_155855_81_220b_3B_AnalyticMS_SR_8b_clip	pm5__20200905_20200924__0025	/scrfs/storage/yikebe/home/research/AR_Crop_Identification/make_dataset/raw_sentinel/pm5/pm5__20200905_20200924__0025	2020-09-07	735861.00000000,3745236.00000000,736629.00000000,3746004.00000000
train	000442	lower__20200910_155855_81_220b_3B_AnalyticMS_SR_8b_clip	pm5__20200905_20200924__0025	/scrfs/storage/yikebe/home/research/AR_Crop_Identification/make_dataset/raw_sentinel/pm5/pm5__20200905_20200924__0025	2020-09-07	730485.00000000,3744468.00000000,731253.00000000,3745236.00000000
train	000458	lower__20200910_155855_81_220b_3B_AnalyticMS_SR_8b_clip	pm5__20200905_20200924__0025	/scrfs/storage/yikebe/home/research/AR_Crop_Identification/make_dataset/raw_sentinel/pm5/pm5__20200905_20200924__0025	2020-09-07	708213.00000000,3743700.00000000,708981.00000000,3744468.00000000
train	000474	lower__20200910_155855_81_220b_3B_AnalyticMS_SR_8b_clip	pm5__20200905_20200924__0025	/scrfs/storage/yikebe/home/research/AR_Crop_Identification/make_dataset/raw_sentinel/pm5/pm5__20200905_20200924__0025	2020-09-07	732021.00000000,3743700.00000000,732789.00000000,3744468.00000000
train	000490	lower__20200910_155855_81_220b_3B_AnalyticMS_SR_8b_clip	pm5__20200905_20200924__0025	/scrfs/storage/yikebe/home/research/AR_Crop_Identification/make_dataset/raw_sentinel/pm5/pm5__20200905_20200924__0025	2020-09-07	722805.00000000,3742932.00000000,723573.00000000,3743700.00000000
train	000506	lower__20200910_155855_81_220b_3B_AnalyticMS_SR_8b_clip	pm5__20200905_20200924__0025	/scrfs/storage/yikebe/home/research/AR_Crop_Identification/make_dataset/raw_sentinel/pm5/pm5__20200905_20200924__0025	2020-09-07	732021.00000000,3742932.00000000,732789.00000000,3743700.00000000
train	000522	lower__20200910_155855_81_220b_3B_AnalyticMS_SR_8b_clip	pm5__20200905_20200924__0025	/scrfs/storage/yikebe/home/research/AR_Crop_Identification/make_dataset/raw_sentinel/pm5/pm5__20200905_20200924__0025	2020-09-07	712053.00000000,3741396.00000000,712821.00000000,3742164.00000000
train	000538	lower__20200910_155855_81_220b_3B_AnalyticMS_SR_8b_clip	pm5__20200905_20200924__0025	/scrfs/storage/yikebe/home/research/AR_Crop_Identification/make_dataset/raw_sentinel/pm5/pm5__20200905_20200924__0025	2020-09-07	712821.00000000,3741396.00000000,713589.00000000,3742164.00000000
train	000554	lower__20200910_155855_81_220b_3B_AnalyticMS_SR_8b_clip	pm5__20200905_20200924__0025	/scrfs/storage/yikebe/home/research/AR_Crop_Identification/make_dataset/raw_sentinel/pm5/pm5__20200905_20200924__0025	2020-09-07	712821.00000000,3740628.00000000,713589.00000000,3741396.00000000
train	000570	lower__20200910_155855_81_220b_3B_AnalyticMS_SR_8b_clip	pm5__20200905_20200924__0025	/scrfs/storage/yikebe/home/research/AR_Crop_Identification/make_dataset/raw_sentinel/pm5/pm5__20200905_20200924__0025	2020-09-07	713589.00000000,3739860.00000000,714357.00000000,3740628.00000000
train	000586	lower__20200910_155855_81_220b_3B_AnalyticMS_SR_8b_clip	pm5__20200905_20200924__0025	/scrfs/storage/yikebe/home/research/AR_Crop_Identification/make_dataset/raw_sentinel/pm5/pm5__20200905_20200924__0025	2020-09-07	723573.00000000,3739860.00000000,724341.00000000,3740628.00000000
train	000602	lower__20200910_155855_81_220b_3B_AnalyticMS_SR_8b_clip	pm5__20200905_20200924__0025	/scrfs/storage/yikebe/home/research/AR_Crop_Identification/make_dataset/raw_sentinel/pm5/pm5__20200905_20200924__0025	2020-09-07	725877.00000000,3739092.00000000,726645.00000000,3739860.00000000
train	000618	lower__20200910_155855_81_220b_3B_AnalyticMS_SR_8b_clip	pm5__20200905_20200924__0025	/scrfs/storage/yikebe/home/research/AR_Crop_Identification/make_dataset/raw_sentinel/pm5/pm5__20200905_20200924__0025	2020-09-07	715893.00000000,3736788.00000000,716661.00000000,3737556.00000000
train	000634	lower__20200910_155855_81_220b_3B_AnalyticMS_SR_8b_clip	pm5__20200905_20200924__0025	/scrfs/storage/yikebe/home/research/AR_Crop_Identification/make_dataset/raw_sentinel/pm5/pm5__20200905_20200924__0025	2020-09-07	716661.00000000,3736788.00000000,717429.00000000,3737556.00000000
train	000650	lower__20200910_155855_81_220b_3B_AnalyticMS_SR_8b_clip	pm5__20200905_20200924__0025	/scrfs/storage/yikebe/home/research/AR_Crop_Identification/make_dataset/raw_sentinel/pm5/pm5__20200905_20200924__0025	2020-09-07	718965.00000000,3736020.00000000,719733.00000000,3736788.00000000
train	000666	lower__20200910_155855_81_220b_3B_AnalyticMS_SR_8b_clip	pm5__20200905_20200924__0025	/scrfs/storage/yikebe/home/research/AR_Crop_Identification/make_dataset/raw_sentinel/pm5/pm5__20200905_20200924__0025	2020-09-07	719733.00000000,3736020.00000000,720501.00000000,3736788.00000000
train	000682	lower__20200910_155855_81_220b_3B_AnalyticMS_SR_8b_clip	pm5__20200905_20200924__0025	/scrfs/storage/yikebe/home/research/AR_Crop_Identification/make_dataset/raw_sentinel/pm5/pm5__20200905_20200924__0025	2020-09-07	728949.00000000,3736020.00000000,729717.00000000,3736788.00000000
train	000698	lower__20200910_155855_81_220b_3B_AnalyticMS_SR_8b_clip	pm5__20200905_20200924__0025	/scrfs/storage/yikebe/home/research/AR_Crop_Identification/make_dataset/raw_sentinel/pm5/pm5__20200905_20200924__0025	2020-09-07	713589.00000000,3735252.00000000,714357.00000000,3736020.00000000
train	000714	lower__20200910_155855_81_220b_3B_AnalyticMS_SR_8b_clip	pm5__20200905_20200924__0025	/scrfs/storage/yikebe/home/research/AR_Crop_Identification/make_dataset/raw_sentinel/pm5/pm5__20200905_20200924__0025	2020-09-07	719733.00000000,3735252.00000000,720501.00000000,3736020.00000000
train	000730	lower__20200910_155855_81_220b_3B_AnalyticMS_SR_8b_clip	pm5__20200905_20200924__0025	/scrfs/storage/yikebe/home/research/AR_Crop_Identification/make_dataset/raw_sentinel/pm5/pm5__20200905_20200924__0025	2020-09-07	728181.00000000,3732948.00000000,728949.00000000,3733716.00000000
train	000746	lower__20200910_155855_81_220b_3B_AnalyticMS_SR_8b_clip	pm5__20200905_20200924__0025	/scrfs/storage/yikebe/home/research/AR_Crop_Identification/make_dataset/raw_sentinel/pm5/pm5__20200905_20200924__0025	2020-09-07	720501.00000000,3731412.00000000,721269.00000000,3732180.00000000
train	000762	lower__20200910_155855_81_220b_3B_AnalyticMS_SR_8b_clip	pm5__20200905_20200924__0025	/scrfs/storage/yikebe/home/research/AR_Crop_Identification/make_dataset/raw_sentinel/pm5/pm5__20200905_20200924__0025	2020-09-07	725109.00000000,3731412.00000000,725877.00000000,3732180.00000000
train	000778	lower__20200910_160141_68_222c_3B_AnalyticMS_SR_8b_clip	pm5__20200905_20200924__0033	/scrfs/storage/yikebe/home/research/AR_Crop_Identification/make_dataset/raw_sentinel/pm5/pm5__20200905_20200924__0033	2020-09-12	666642.00000000,3678027.00000000,667410.00000000,3678795.00000000
train	000794	lower__20200911_160726_17_2277_3B_AnalyticMS_SR_8b_clip	pm5__20200905_20200924__0035	/scrfs/storage/yikebe/home/research/AR_Crop_Identification/make_dataset/raw_sentinel/pm5/pm5__20200905_20200924__0035	2020-09-10	603756.00000000,3834912.00000000,604524.00000000,3835680.00000000
train	000810	lower__20200911_160726_17_2277_3B_AnalyticMS_SR_8b_clip	pm5__20200905_20200924__0035	/scrfs/storage/yikebe/home/research/AR_Crop_Identification/make_dataset/raw_sentinel/pm5/pm5__20200905_20200924__0035	2020-09-10	604524.00000000,3834912.00000000,605292.00000000,3835680.00000000
train	000826	lower__20200911_160726_17_2277_3B_AnalyticMS_SR_8b_clip	pm5__20200905_20200924__0035	/scrfs/storage/yikebe/home/research/AR_Crop_Identification/make_dataset/raw_sentinel/pm5/pm5__20200905_20200924__0035	2020-09-10	601452.00000000,3833376.00000000,602220.00000000,3834144.00000000
train	000842	lower__20200911_160726_17_2277_3B_AnalyticMS_SR_8b_clip	pm5__20200905_20200924__0035	/scrfs/storage/yikebe/home/research/AR_Crop_Identification/make_dataset/raw_sentinel/pm5/pm5__20200905_20200924__0035	2020-09-10	603756.00000000,3833376.00000000,604524.00000000,3834144.00000000
train	000858	lower__20200911_160726_17_2277_3B_AnalyticMS_SR_8b_clip	pm5__20200905_20200924__0035	/scrfs/storage/yikebe/home/research/AR_Crop_Identification/make_dataset/raw_sentinel/pm5/pm5__20200905_20200924__0035	2020-09-10	616812.00000000,3833376.00000000,617580.00000000,3834144.00000000
train	000874	lower__20200911_160726_17_2277_3B_AnalyticMS_SR_8b_clip	pm5__20200905_20200924__0035	/scrfs/storage/yikebe/home/research/AR_Crop_Identification/make_dataset/raw_sentinel/pm5/pm5__20200905_20200924__0035	2020-09-10	601452.00000000,3832608.00000000,602220.00000000,3833376.00000000
train	000890	lower__20200911_160726_17_2277_3B_AnalyticMS_SR_8b_clip	pm5__20200905_20200924__0035	/scrfs/storage/yikebe/home/research/AR_Crop_Identification/make_dataset/raw_sentinel/pm5/pm5__20200905_20200924__0035	2020-09-10	606060.00000000,3832608.00000000,606828.00000000,3833376.00000000
train	000906	lower__20200911_160726_17_2277_3B_AnalyticMS_SR_8b_clip	pm5__20200905_20200924__0035	/scrfs/storage/yikebe/home/research/AR_Crop_Identification/make_dataset/raw_sentinel/pm5/pm5__20200905_20200924__0035	2020-09-10	618348.00000000,3832608.00000000,619116.00000000,3833376.00000000
train	000922	lower__20200911_160726_17_2277_3B_AnalyticMS_SR_8b_clip	pm5__20200905_20200924__0035	/scrfs/storage/yikebe/home/research/AR_Crop_Identification/make_dataset/raw_sentinel/pm5/pm5__20200905_20200924__0035	2020-09-10	619116.00000000,3832608.00000000,619884.00000000,3833376.00000000
train	000938	lower__20200911_160726_17_2277_3B_AnalyticMS_SR_8b_clip	pm5__20200905_20200924__0035	/scrfs/storage/yikebe/home/research/AR_Crop_Identification/make_dataset/raw_sentinel/pm5/pm5__20200905_20200924__0035	2020-09-10	616044.00000000,3831840.00000000,616812.00000000,3832608.00000000
train	000954	lower__20200911_160726_17_2277_3B_AnalyticMS_SR_8b_clip	pm5__20200905_20200924__0035	/scrfs/storage/yikebe/home/research/AR_Crop_Identification/make_dataset/raw_sentinel/pm5/pm5__20200905_20200924__0035	2020-09-10	608364.00000000,3831072.00000000,609132.00000000,3831840.00000000
train	000970	lower__20200911_160726_17_2277_3B_AnalyticMS_SR_8b_clip	pm5__20200905_20200924__0035	/scrfs/storage/yikebe/home/research/AR_Crop_Identification/make_dataset/raw_sentinel/pm5/pm5__20200905_20200924__0035	2020-09-10	609132.00000000,3831072.00000000,609900.00000000,3831840.00000000
train	000986	lower__20200911_160726_17_2277_3B_AnalyticMS_SR_8b_clip	pm5__20200905_20200924__0035	/scrfs/storage/yikebe/home/research/AR_Crop_Identification/make_dataset/raw_sentinel/pm5/pm5__20200905_20200924__0035	2020-09-10	632172.00000000,3830304.00000000,632940.00000000,3831072.00000000
train	001002	lower__20200911_160726_17_2277_3B_AnalyticMS_SR_8b_clip	pm5__20200905_20200924__0035	/scrfs/storage/yikebe/home/research/AR_Crop_Identification/make_dataset/raw_sentinel/pm5/pm5__20200905_20200924__0035	2020-09-10	602988.00000000,3828768.00000000,603756.00000000,3829536.00000000
train	001018	lower__20200911_160726_17_2277_3B_AnalyticMS_SR_8b_clip	pm5__20200905_20200924__0035	/scrfs/storage/yikebe/home/research/AR_Crop_Identification/make_dataset/raw_sentinel/pm5/pm5__20200905_20200924__0035	2020-09-10	619116.00000000,3828000.00000000,619884.00000000,3828768.00000000
train	001034	lower__20200911_160726_17_2277_3B_AnalyticMS_SR_8b_clip	pm5__20200905_20200924__0035	/scrfs/storage/yikebe/home/research/AR_Crop_Identification/make_dataset/raw_sentinel/pm5/pm5__20200905_20200924__0035	2020-09-10	619884.00000000,3828000.00000000,620652.00000000,3828768.00000000
train	001050	lower__20200911_160726_17_2277_3B_AnalyticMS_SR_8b_clip	pm5__20200905_20200924__0035	/scrfs/storage/yikebe/home/research/AR_Crop_Identification/make_dataset/raw_sentinel/pm5/pm5__20200905_20200924__0035	2020-09-10	615276.00000000,3827232.00000000,616044.00000000,3828000.00000000
train	001066	lower__20200911_160726_17_2277_3B_AnalyticMS_SR_8b_clip	pm5__20200905_20200924__0035	/scrfs/storage/yikebe/home/research/AR_Crop_Identification/make_dataset/raw_sentinel/pm5/pm5__20200905_20200924__0035	2020-09-10	616044.00000000,3827232.00000000,616812.00000000,3828000.00000000
train	001082	lower__20200911_160726_17_2277_3B_AnalyticMS_SR_8b_clip	pm5__20200905_20200924__0035	/scrfs/storage/yikebe/home/research/AR_Crop_Identification/make_dataset/raw_sentinel/pm5/pm5__20200905_20200924__0035	2020-09-10	619884.00000000,3827232.00000000,620652.00000000,3828000.00000000
train	001098	lower__20200911_160726_17_2277_3B_AnalyticMS_SR_8b_clip	pm5__20200905_20200924__0035	/scrfs/storage/yikebe/home/research/AR_Crop_Identification/make_dataset/raw_sentinel/pm5/pm5__20200905_20200924__0035	2020-09-10	615276.00000000,3826464.00000000,616044.00000000,3827232.00000000
train	001114	lower__20200911_160726_17_2277_3B_AnalyticMS_SR_8b_clip	pm5__20200905_20200924__0035	/scrfs/storage/yikebe/home/research/AR_Crop_Identification/make_dataset/raw_sentinel/pm5/pm5__20200905_20200924__0035	2020-09-10	616044.00000000,3826464.00000000,616812.00000000,3827232.00000000
train	001130	lower__20200911_160726_17_2277_3B_AnalyticMS_SR_8b_clip	pm5__20200905_20200924__0035	/scrfs/storage/yikebe/home/research/AR_Crop_Identification/make_dataset/raw_sentinel/pm5/pm5__20200905_20200924__0035	2020-09-10	620652.00000000,3825696.00000000,621420.00000000,3826464.00000000
train	001146	lower__20200911_160726_17_2277_3B_AnalyticMS_SR_8b_clip	pm5__20200905_20200924__0035	/scrfs/storage/yikebe/home/research/AR_Crop_Identification/make_dataset/raw_sentinel/pm5/pm5__20200905_20200924__0035	2020-09-10	597612.00000000,3824928.00000000,598380.00000000,3825696.00000000
train	001162	lower__20200911_160726_17_2277_3B_AnalyticMS_SR_8b_clip	pm5__20200905_20200924__0035	/scrfs/storage/yikebe/home/research/AR_Crop_Identification/make_dataset/raw_sentinel/pm5/pm5__20200905_20200924__0035	2020-09-10	606828.00000000,3824928.00000000,607596.00000000,3825696.00000000
train	001178	lower__20200911_160726_17_2277_3B_AnalyticMS_SR_8b_clip	pm5__20200905_20200924__0035	/scrfs/storage/yikebe/home/research/AR_Crop_Identification/make_dataset/raw_sentinel/pm5/pm5__20200905_20200924__0035	2020-09-10	626796.00000000,3824928.00000000,627564.00000000,3825696.00000000
train	001194	lower__20200911_160726_17_2277_3B_AnalyticMS_SR_8b_clip	pm5__20200905_20200924__0035	/scrfs/storage/yikebe/home/research/AR_Crop_Identification/make_dataset/raw_sentinel/pm5/pm5__20200905_20200924__0035	2020-09-10	616044.00000000,3824160.00000000,616812.00000000,3824928.00000000
train	001210	lower__20200911_160726_17_2277_3B_AnalyticMS_SR_8b_clip	pm5__20200905_20200924__0035	/scrfs/storage/yikebe/home/research/AR_Crop_Identification/make_dataset/raw_sentinel/pm5/pm5__20200905_20200924__0035	2020-09-10	619116.00000000,3822624.00000000,619884.00000000,3823392.00000000
train	001226	lower__20200911_160726_17_2277_3B_AnalyticMS_SR_8b_clip	pm5__20200905_20200924__0035	/scrfs/storage/yikebe/home/research/AR_Crop_Identification/make_dataset/raw_sentinel/pm5/pm5__20200905_20200924__0035	2020-09-10	629100.00000000,3820320.00000000,629868.00000000,3821088.00000000
train	001242	lower__20200911_160726_17_2277_3B_AnalyticMS_SR_8b_clip	pm5__20200905_20200924__0035	/scrfs/storage/yikebe/home/research/AR_Crop_Identification/make_dataset/raw_sentinel/pm5/pm5__20200905_20200924__0035	2020-09-10	597612.00000000,3818016.00000000,598380.00000000,3818784.00000000
train	001258	lower__20200911_160726_17_2277_3B_AnalyticMS_SR_8b_clip	pm5__20200905_20200924__0035	/scrfs/storage/yikebe/home/research/AR_Crop_Identification/make_dataset/raw_sentinel/pm5/pm5__20200905_20200924__0035	2020-09-10	618348.00000000,3818016.00000000,619116.00000000,3818784.00000000
train	001274	lower__20200911_160726_17_2277_3B_AnalyticMS_SR_8b_clip	pm5__20200905_20200924__0035	/scrfs/storage/yikebe/home/research/AR_Crop_Identification/make_dataset/raw_sentinel/pm5/pm5__20200905_20200924__0035	2020-09-10	596844.00000000,3817248.00000000,597612.00000000,3818016.00000000
train	001290	lower__20200911_160726_17_2277_3B_AnalyticMS_SR_8b_clip	pm5__20200905_20200924__0035	/scrfs/storage/yikebe/home/research/AR_Crop_Identification/make_dataset/raw_sentinel/pm5/pm5__20200905_20200924__0035	2020-09-10	607596.00000000,3815712.00000000,608364.00000000,3816480.00000000
train	001306	lower__20200911_160726_17_2277_3B_AnalyticMS_SR_8b_clip	pm5__20200905_20200924__0035	/scrfs/storage/yikebe/home/research/AR_Crop_Identification/make_dataset/raw_sentinel/pm5/pm5__20200905_20200924__0035	2020-09-10	609132.00000000,3815712.00000000,609900.00000000,3816480.00000000
train	001322	lower__20200911_160726_17_2277_3B_AnalyticMS_SR_8b_clip	pm5__20200905_20200924__0035	/scrfs/storage/yikebe/home/research/AR_Crop_Identification/make_dataset/raw_sentinel/pm5/pm5__20200905_20200924__0035	2020-09-10	609900.00000000,3815712.00000000,610668.00000000,3816480.00000000
train	001338	lower__20200911_160726_17_2277_3B_AnalyticMS_SR_8b_clip	pm5__20200905_20200924__0035	/scrfs/storage/yikebe/home/research/AR_Crop_Identification/make_dataset/raw_sentinel/pm5/pm5__20200905_20200924__0035	2020-09-10	610668.00000000,3815712.00000000,611436.00000000,3816480.00000000
train	001354	lower__20200911_160726_17_2277_3B_AnalyticMS_SR_8b_clip	pm5__20200905_20200924__0035	/scrfs/storage/yikebe/home/research/AR_Crop_Identification/make_dataset/raw_sentinel/pm5/pm5__20200905_20200924__0035	2020-09-10	607596.00000000,3814944.00000000,608364.00000000,3815712.00000000
train	001370	lower__20200911_160726_17_2277_3B_AnalyticMS_SR_8b_clip	pm5__20200905_20200924__0035	/scrfs/storage/yikebe/home/research/AR_Crop_Identification/make_dataset/raw_sentinel/pm5/pm5__20200905_20200924__0035	2020-09-10	608364.00000000,3814944.00000000,609132.00000000,3815712.00000000
train	001386	lower__20200911_160726_17_2277_3B_AnalyticMS_SR_8b_clip	pm5__20200905_20200924__0035	/scrfs/storage/yikebe/home/research/AR_Crop_Identification/make_dataset/raw_sentinel/pm5/pm5__20200905_20200924__0035	2020-09-10	610668.00000000,3814944.00000000,611436.00000000,3815712.00000000
train	001402	lower__20200911_160726_17_2277_3B_AnalyticMS_SR_8b_clip	pm5__20200905_20200924__0035	/scrfs/storage/yikebe/home/research/AR_Crop_Identification/make_dataset/raw_sentinel/pm5/pm5__20200905_20200924__0035	2020-09-10	611436.00000000,3814944.00000000,612204.00000000,3815712.00000000
train	001418	lower__20200911_160726_17_2277_3B_AnalyticMS_SR_8b_clip	pm5__20200905_20200924__0035	/scrfs/storage/yikebe/home/research/AR_Crop_Identification/make_dataset/raw_sentinel/pm5/pm5__20200905_20200924__0035	2020-09-10	610668.00000000,3814176.00000000,611436.00000000,3814944.00000000
train	001434	lower__20200911_160726_17_2277_3B_AnalyticMS_SR_8b_clip	pm5__20200905_20200924__0035	/scrfs/storage/yikebe/home/research/AR_Crop_Identification/make_dataset/raw_sentinel/pm5/pm5__20200905_20200924__0035	2020-09-10	611436.00000000,3814176.00000000,612204.00000000,3814944.00000000
train	001450	lower__20200911_160726_17_2277_3B_AnalyticMS_SR_8b_clip	pm5__20200905_20200924__0035	/scrfs/storage/yikebe/home/research/AR_Crop_Identification/make_dataset/raw_sentinel/pm5/pm5__20200905_20200924__0035	2020-09-10	622956.00000000,3811872.00000000,623724.00000000,3812640.00000000
train	001466	lower__20201111_165329_25_2401_3B_AnalyticMS_SR_8b_clip	pm5__20201105_20201124__0119	/scrfs/storage/yikebe/home/research/AR_Crop_Identification/make_dataset/raw_sentinel/pm5/pm5__20201105_20201124__0119	2020-11-11	706971.00000000,3761109.00000000,707739.00000000,3761877.00000000
train	001482	lower__20201111_165329_25_2401_3B_AnalyticMS_SR_8b_clip	pm5__20201105_20201124__0119	/scrfs/storage/yikebe/home/research/AR_Crop_Identification/make_dataset/raw_sentinel/pm5/pm5__20201105_20201124__0119	2020-11-11	706971.00000000,3760341.00000000,707739.00000000,3761109.00000000
train	001498	lower__20201111_165329_25_2401_3B_AnalyticMS_SR_8b_clip	pm5__20201105_20201124__0119	/scrfs/storage/yikebe/home/research/AR_Crop_Identification/make_dataset/raw_sentinel/pm5/pm5__20201105_20201124__0119	2020-11-11	721563.00000000,3760341.00000000,722331.00000000,3761109.00000000
train	001514	lower__20201111_165329_25_2401_3B_AnalyticMS_SR_8b_clip	pm5__20201105_20201124__0119	/scrfs/storage/yikebe/home/research/AR_Crop_Identification/make_dataset/raw_sentinel/pm5/pm5__20201105_20201124__0119	2020-11-11	707739.00000000,3759573.00000000,708507.00000000,3760341.00000000
train	001530	lower__20201111_165329_25_2401_3B_AnalyticMS_SR_8b_clip	pm5__20201105_20201124__0119	/scrfs/storage/yikebe/home/research/AR_Crop_Identification/make_dataset/raw_sentinel/pm5/pm5__20201105_20201124__0119	2020-11-11	713115.00000000,3759573.00000000,713883.00000000,3760341.00000000
train	001546	lower__20201111_165329_25_2401_3B_AnalyticMS_SR_8b_clip	pm5__20201105_20201124__0119	/scrfs/storage/yikebe/home/research/AR_Crop_Identification/make_dataset/raw_sentinel/pm5/pm5__20201105_20201124__0119	2020-11-11	714651.00000000,3759573.00000000,715419.00000000,3760341.00000000
train	001562	lower__20201111_165329_25_2401_3B_AnalyticMS_SR_8b_clip	pm5__20201105_20201124__0119	/scrfs/storage/yikebe/home/research/AR_Crop_Identification/make_dataset/raw_sentinel/pm5/pm5__20201105_20201124__0119	2020-11-11	726939.00000000,3759573.00000000,727707.00000000,3760341.00000000
train	001578	lower__20201111_165329_25_2401_3B_AnalyticMS_SR_8b_clip	pm5__20201105_20201124__0119	/scrfs/storage/yikebe/home/research/AR_Crop_Identification/make_dataset/raw_sentinel/pm5/pm5__20201105_20201124__0119	2020-11-11	708507.00000000,3758805.00000000,709275.00000000,3759573.00000000
train	001594	lower__20201111_165329_25_2401_3B_AnalyticMS_SR_8b_clip	pm5__20201105_20201124__0119	/scrfs/storage/yikebe/home/research/AR_Crop_Identification/make_dataset/raw_sentinel/pm5/pm5__20201105_20201124__0119	2020-11-11	712347.00000000,3758805.00000000,713115.00000000,3759573.00000000
train	001610	lower__20201111_165329_25_2401_3B_AnalyticMS_SR_8b_clip	pm5__20201105_20201124__0119	/scrfs/storage/yikebe/home/research/AR_Crop_Identification/make_dataset/raw_sentinel/pm5/pm5__20201105_20201124__0119	2020-11-11	713115.00000000,3758805.00000000,713883.00000000,3759573.00000000
train	001626	lower__20201111_165329_25_2401_3B_AnalyticMS_SR_8b_clip	pm5__20201105_20201124__0119	/scrfs/storage/yikebe/home/research/AR_Crop_Identification/make_dataset/raw_sentinel/pm5/pm5__20201105_20201124__0119	2020-11-11	723867.00000000,3758037.00000000,724635.00000000,3758805.00000000
train	001642	lower__20201111_165329_25_2401_3B_AnalyticMS_SR_8b_clip	pm5__20201105_20201124__0119	/scrfs/storage/yikebe/home/research/AR_Crop_Identification/make_dataset/raw_sentinel/pm5/pm5__20201105_20201124__0119	2020-11-11	724635.00000000,3758037.00000000,725403.00000000,3758805.00000000
train	001658	lower__20201111_165329_25_2401_3B_AnalyticMS_SR_8b_clip	pm5__20201105_20201124__0119	/scrfs/storage/yikebe/home/research/AR_Crop_Identification/make_dataset/raw_sentinel/pm5/pm5__20201105_20201124__0119	2020-11-11	725403.00000000,3758037.00000000,726171.00000000,3758805.00000000
train	001674	lower__20201111_165329_25_2401_3B_AnalyticMS_SR_8b_clip	pm5__20201105_20201124__0119	/scrfs/storage/yikebe/home/research/AR_Crop_Identification/make_dataset/raw_sentinel/pm5/pm5__20201105_20201124__0119	2020-11-11	723867.00000000,3757269.00000000,724635.00000000,3758037.00000000
train	001690	lower__20201111_165329_25_2401_3B_AnalyticMS_SR_8b_clip	pm5__20201105_20201124__0119	/scrfs/storage/yikebe/home/research/AR_Crop_Identification/make_dataset/raw_sentinel/pm5/pm5__20201105_20201124__0119	2020-11-11	724635.00000000,3757269.00000000,725403.00000000,3758037.00000000
train	001706	lower__20201111_165329_25_2401_3B_AnalyticMS_SR_8b_clip	pm5__20201105_20201124__0119	/scrfs/storage/yikebe/home/research/AR_Crop_Identification/make_dataset/raw_sentinel/pm5/pm5__20201105_20201124__0119	2020-11-11	726939.00000000,3757269.00000000,727707.00000000,3758037.00000000
train	001722	lower__20201111_165329_25_2401_3B_AnalyticMS_SR_8b_clip	pm5__20201105_20201124__0119	/scrfs/storage/yikebe/home/research/AR_Crop_Identification/make_dataset/raw_sentinel/pm5/pm5__20201105_20201124__0119	2020-11-11	736155.00000000,3757269.00000000,736923.00000000,3758037.00000000
train	001738	lower__20201111_165329_25_2401_3B_AnalyticMS_SR_8b_clip	pm5__20201105_20201124__0119	/scrfs/storage/yikebe/home/research/AR_Crop_Identification/make_dataset/raw_sentinel/pm5/pm5__20201105_20201124__0119	2020-11-11	724635.00000000,3756501.00000000,725403.00000000,3757269.00000000
train	001754	lower__20201111_165329_25_2401_3B_AnalyticMS_SR_8b_clip	pm5__20201105_20201124__0119	/scrfs/storage/yikebe/home/research/AR_Crop_Identification/make_dataset/raw_sentinel/pm5/pm5__20201105_20201124__0119	2020-11-11	725403.00000000,3756501.00000000,726171.00000000,3757269.00000000
train	001770	lower__20201111_165329_25_2401_3B_AnalyticMS_SR_8b_clip	pm5__20201105_20201124__0119	/scrfs/storage/yikebe/home/research/AR_Crop_Identification/make_dataset/raw_sentinel/pm5/pm5__20201105_20201124__0119	2020-11-11	722331.00000000,3755733.00000000,723099.00000000,3756501.00000000
train	001786	lower__20201111_165329_25_2401_3B_AnalyticMS_SR_8b_clip	pm5__20201105_20201124__0119	/scrfs/storage/yikebe/home/research/AR_Crop_Identification/make_dataset/raw_sentinel/pm5/pm5__20201105_20201124__0119	2020-11-11	739995.00000000,3754965.00000000,740763.00000000,3755733.00000000
train	001802	lower__20201111_165329_25_2401_3B_AnalyticMS_SR_8b_clip	pm5__20201105_20201124__0119	/scrfs/storage/yikebe/home/research/AR_Crop_Identification/make_dataset/raw_sentinel/pm5/pm5__20201105_20201124__0119	2020-11-11	721563.00000000,3754197.00000000,722331.00000000,3754965.00000000
train	001818	lower__20201111_165329_25_2401_3B_AnalyticMS_SR_8b_clip	pm5__20201105_20201124__0119	/scrfs/storage/yikebe/home/research/AR_Crop_Identification/make_dataset/raw_sentinel/pm5/pm5__20201105_20201124__0119	2020-11-11	725403.00000000,3754197.00000000,726171.00000000,3754965.00000000
train	001834	lower__20201111_165329_25_2401_3B_AnalyticMS_SR_8b_clip	pm5__20201105_20201124__0119	/scrfs/storage/yikebe/home/research/AR_Crop_Identification/make_dataset/raw_sentinel/pm5/pm5__20201105_20201124__0119	2020-11-11	730011.00000000,3754197.00000000,730779.00000000,3754965.00000000
train	001850	lower__20201111_165329_25_2401_3B_AnalyticMS_SR_8b_clip	pm5__20201105_20201124__0119	/scrfs/storage/yikebe/home/research/AR_Crop_Identification/make_dataset/raw_sentinel/pm5/pm5__20201105_20201124__0119	2020-11-11	740763.00000000,3754197.00000000,741531.00000000,3754965.00000000
train	001866	lower__20201111_165329_25_2401_3B_AnalyticMS_SR_8b_clip	pm5__20201105_20201124__0119	/scrfs/storage/yikebe/home/research/AR_Crop_Identification/make_dataset/raw_sentinel/pm5/pm5__20201105_20201124__0119	2020-11-11	706971.00000000,3753429.00000000,707739.00000000,3754197.00000000
train	001882	lower__20201111_165329_25_2401_3B_AnalyticMS_SR_8b_clip	pm5__20201105_20201124__0119	/scrfs/storage/yikebe/home/research/AR_Crop_Identification/make_dataset/raw_sentinel/pm5/pm5__20201105_20201124__0119	2020-11-11	722331.00000000,3753429.00000000,723099.00000000,3754197.00000000
train	001898	lower__20201111_165329_25_2401_3B_AnalyticMS_SR_8b_clip	pm5__20201105_20201124__0119	/scrfs/storage/yikebe/home/research/AR_Crop_Identification/make_dataset/raw_sentinel/pm5/pm5__20201105_20201124__0119	2020-11-11	723099.00000000,3753429.00000000,723867.00000000,3754197.00000000
train	001914	lower__20201111_165329_25_2401_3B_AnalyticMS_SR_8b_clip	pm5__20201105_20201124__0119	/scrfs/storage/yikebe/home/research/AR_Crop_Identification/make_dataset/raw_sentinel/pm5/pm5__20201105_20201124__0119	2020-11-11	730011.00000000,3753429.00000000,730779.00000000,3754197.00000000
train	001930	lower__20201111_165329_25_2401_3B_AnalyticMS_SR_8b_clip	pm5__20201105_20201124__0119	/scrfs/storage/yikebe/home/research/AR_Crop_Identification/make_dataset/raw_sentinel/pm5/pm5__20201105_20201124__0119	2020-11-11	723099.00000000,3752661.00000000,723867.00000000,3753429.00000000
train	001946	lower__20201111_165329_25_2401_3B_AnalyticMS_SR_8b_clip	pm5__20201105_20201124__0119	/scrfs/storage/yikebe/home/research/AR_Crop_Identification/make_dataset/raw_sentinel/pm5/pm5__20201105_20201124__0119	2020-11-11	730011.00000000,3752661.00000000,730779.00000000,3753429.00000000
train	001962	lower__20201111_165329_25_2401_3B_AnalyticMS_SR_8b_clip	pm5__20201105_20201124__0119	/scrfs/storage/yikebe/home/research/AR_Crop_Identification/make_dataset/raw_sentinel/pm5/pm5__20201105_20201124__0119	2020-11-11	730779.00000000,3752661.00000000,731547.00000000,3753429.00000000
train	001978	lower__20201111_165329_25_2401_3B_AnalyticMS_SR_8b_clip	pm5__20201105_20201124__0119	/scrfs/storage/yikebe/home/research/AR_Crop_Identification/make_dataset/raw_sentinel/pm5/pm5__20201105_20201124__0119	2020-11-11	736923.00000000,3752661.00000000,737691.00000000,3753429.00000000
train	001994	lower__20201111_165329_25_2401_3B_AnalyticMS_SR_8b_clip	pm5__20201105_20201124__0119	/scrfs/storage/yikebe/home/research/AR_Crop_Identification/make_dataset/raw_sentinel/pm5/pm5__20201105_20201124__0119	2020-11-11	740763.00000000,3752661.00000000,741531.00000000,3753429.00000000
train	002010	lower__20201111_165329_25_2401_3B_AnalyticMS_SR_8b_clip	pm5__20201105_20201124__0119	/scrfs/storage/yikebe/home/research/AR_Crop_Identification/make_dataset/raw_sentinel/pm5/pm5__20201105_20201124__0119	2020-11-11	722331.00000000,3751893.00000000,723099.00000000,3752661.00000000
train	002026	lower__20201111_165329_25_2401_3B_AnalyticMS_SR_8b_clip	pm5__20201105_20201124__0119	/scrfs/storage/yikebe/home/research/AR_Crop_Identification/make_dataset/raw_sentinel/pm5/pm5__20201105_20201124__0119	2020-11-11	707739.00000000,3751125.00000000,708507.00000000,3751893.00000000
train	002042	lower__20201111_165329_25_2401_3B_AnalyticMS_SR_8b_clip	pm5__20201105_20201124__0119	/scrfs/storage/yikebe/home/research/AR_Crop_Identification/make_dataset/raw_sentinel/pm5/pm5__20201105_20201124__0119	2020-11-11	734619.00000000,3751125.00000000,735387.00000000,3751893.00000000
train	002058	lower__20201111_165329_25_2401_3B_AnalyticMS_SR_8b_clip	pm5__20201105_20201124__0119	/scrfs/storage/yikebe/home/research/AR_Crop_Identification/make_dataset/raw_sentinel/pm5/pm5__20201105_20201124__0119	2020-11-11	735387.00000000,3751125.00000000,736155.00000000,3751893.00000000
train	002074	lower__20201111_165329_25_2401_3B_AnalyticMS_SR_8b_clip	pm5__20201105_20201124__0119	/scrfs/storage/yikebe/home/research/AR_Crop_Identification/make_dataset/raw_sentinel/pm5/pm5__20201105_20201124__0119	2020-11-11	736155.00000000,3751125.00000000,736923.00000000,3751893.00000000
train	002090	lower__20201111_165329_25_2401_3B_AnalyticMS_SR_8b_clip	pm5__20201105_20201124__0119	/scrfs/storage/yikebe/home/research/AR_Crop_Identification/make_dataset/raw_sentinel/pm5/pm5__20201105_20201124__0119	2020-11-11	723867.00000000,3748821.00000000,724635.00000000,3749589.00000000
train	002106	lower__20201111_165329_25_2401_3B_AnalyticMS_SR_8b_clip	pm5__20201105_20201124__0119	/scrfs/storage/yikebe/home/research/AR_Crop_Identification/make_dataset/raw_sentinel/pm5/pm5__20201105_20201124__0119	2020-11-11	730011.00000000,3748821.00000000,730779.00000000,3749589.00000000
train	002122	lower__20201111_165329_25_2401_3B_AnalyticMS_SR_8b_clip	pm5__20201105_20201124__0119	/scrfs/storage/yikebe/home/research/AR_Crop_Identification/make_dataset/raw_sentinel/pm5/pm5__20201105_20201124__0119	2020-11-11	730779.00000000,3748053.00000000,731547.00000000,3748821.00000000
train	002138	lower__20201111_165329_25_2401_3B_AnalyticMS_SR_8b_clip	pm5__20201105_20201124__0119	/scrfs/storage/yikebe/home/research/AR_Crop_Identification/make_dataset/raw_sentinel/pm5/pm5__20201105_20201124__0119	2020-11-11	716955.00000000,3747285.00000000,717723.00000000,3748053.00000000
train	002154	lower__20201111_165329_25_2401_3B_AnalyticMS_SR_8b_clip	pm5__20201105_20201124__0119	/scrfs/storage/yikebe/home/research/AR_Crop_Identification/make_dataset/raw_sentinel/pm5/pm5__20201105_20201124__0119	2020-11-11	730779.00000000,3747285.00000000,731547.00000000,3748053.00000000
train	002170	lower__20201111_165329_25_2401_3B_AnalyticMS_SR_8b_clip	pm5__20201105_20201124__0119	/scrfs/storage/yikebe/home/research/AR_Crop_Identification/make_dataset/raw_sentinel/pm5/pm5__20201105_20201124__0119	2020-11-11	733083.00000000,3747285.00000000,733851.00000000,3748053.00000000
train	002186	lower__20201111_165329_25_2401_3B_AnalyticMS_SR_8b_clip	pm5__20201105_20201124__0119	/scrfs/storage/yikebe/home/research/AR_Crop_Identification/make_dataset/raw_sentinel/pm5/pm5__20201105_20201124__0119	2020-11-11	733083.00000000,3744981.00000000,733851.00000000,3745749.00000000
train	002202	lower__20201111_165329_25_2401_3B_AnalyticMS_SR_8b_clip	pm5__20201105_20201124__0119	/scrfs/storage/yikebe/home/research/AR_Crop_Identification/make_dataset/raw_sentinel/pm5/pm5__20201105_20201124__0119	2020-11-11	736155.00000000,3744981.00000000,736923.00000000,3745749.00000000
train	002218	lower__20201111_165329_25_2401_3B_AnalyticMS_SR_8b_clip	pm5__20201105_20201124__0119	/scrfs/storage/yikebe/home/research/AR_Crop_Identification/make_dataset/raw_sentinel/pm5/pm5__20201105_20201124__0119	2020-11-11	715419.00000000,3744213.00000000,716187.00000000,3744981.00000000
train	002234	lower__20201111_165329_25_2401_3B_AnalyticMS_SR_8b_clip	pm5__20201105_20201124__0119	/scrfs/storage/yikebe/home/research/AR_Crop_Identification/make_dataset/raw_sentinel/pm5/pm5__20201105_20201124__0119	2020-11-11	734619.00000000,3744213.00000000,735387.00000000,3744981.00000000
train	002250	lower__20201111_165329_25_2401_3B_AnalyticMS_SR_8b_clip	pm5__20201105_20201124__0119	/scrfs/storage/yikebe/home/research/AR_Crop_Identification/make_dataset/raw_sentinel/pm5/pm5__20201105_20201124__0119	2020-11-11	736155.00000000,3744213.00000000,736923.00000000,3744981.00000000
train	002266	lower__20201111_165329_25_2401_3B_AnalyticMS_SR_8b_clip	pm5__20201105_20201124__0119	/scrfs/storage/yikebe/home/research/AR_Crop_Identification/make_dataset/raw_sentinel/pm5/pm5__20201105_20201124__0119	2020-11-11	723099.00000000,3743445.00000000,723867.00000000,3744213.00000000
train	002282	lower__20201111_165329_25_2401_3B_AnalyticMS_SR_8b_clip	pm5__20201105_20201124__0119	/scrfs/storage/yikebe/home/research/AR_Crop_Identification/make_dataset/raw_sentinel/pm5/pm5__20201105_20201124__0119	2020-11-11	736155.00000000,3743445.00000000,736923.00000000,3744213.00000000
train	002298	lower__20201111_165329_25_2401_3B_AnalyticMS_SR_8b_clip	pm5__20201105_20201124__0119	/scrfs/storage/yikebe/home/research/AR_Crop_Identification/make_dataset/raw_sentinel/pm5/pm5__20201105_20201124__0119	2020-11-11	723099.00000000,3742677.00000000,723867.00000000,3743445.00000000
train	002314	lower__20201111_165329_25_2401_3B_AnalyticMS_SR_8b_clip	pm5__20201105_20201124__0119	/scrfs/storage/yikebe/home/research/AR_Crop_Identification/make_dataset/raw_sentinel/pm5/pm5__20201105_20201124__0119	2020-11-11	719259.00000000,3741141.00000000,720027.00000000,3741909.00000000
train	002330	lower__20201111_165329_25_2401_3B_AnalyticMS_SR_8b_clip	pm5__20201105_20201124__0119	/scrfs/storage/yikebe/home/research/AR_Crop_Identification/make_dataset/raw_sentinel/pm5/pm5__20201105_20201124__0119	2020-11-11	721563.00000000,3741141.00000000,722331.00000000,3741909.00000000
train	002346	lower__20201111_165329_25_2401_3B_AnalyticMS_SR_8b_clip	pm5__20201105_20201124__0119	/scrfs/storage/yikebe/home/research/AR_Crop_Identification/make_dataset/raw_sentinel/pm5/pm5__20201105_20201124__0119	2020-11-11	736155.00000000,3741141.00000000,736923.00000000,3741909.00000000
train	002362	lower__20201111_165329_25_2401_3B_AnalyticMS_SR_8b_clip	pm5__20201105_20201124__0119	/scrfs/storage/yikebe/home/research/AR_Crop_Identification/make_dataset/raw_sentinel/pm5/pm5__20201105_20201124__0119	2020-11-11	734619.00000000,3738069.00000000,735387.00000000,3738837.00000000
train	002378	lower__20201112_165342_44_2274_3B_AnalyticMS_SR_8b_clip	pm5__20201105_20201124__0119	/scrfs/storage/yikebe/home/research/AR_Crop_Identification/make_dataset/raw_sentinel/pm5/pm5__20201105_20201124__0119	2020-11-11	733524.00000000,3807045.00000000,734292.00000000,3807813.00000000
train	002394	lower__20201112_165342_44_2274_3B_AnalyticMS_SR_8b_clip	pm5__20201105_20201124__0119	/scrfs/storage/yikebe/home/research/AR_Crop_Identification/make_dataset/raw_sentinel/pm5/pm5__20201105_20201124__0119	2020-11-11	732756.00000000,3806277.00000000,733524.00000000,3807045.00000000
train	002410	lower__20201112_165342_44_2274_3B_AnalyticMS_SR_8b_clip	pm5__20201105_20201124__0119	/scrfs/storage/yikebe/home/research/AR_Crop_Identification/make_dataset/raw_sentinel/pm5/pm5__20201105_20201124__0119	2020-11-11	726612.00000000,3804741.00000000,727380.00000000,3805509.00000000
train	002426	lower__20201112_165342_44_2274_3B_AnalyticMS_SR_8b_clip	pm5__20201105_20201124__0119	/scrfs/storage/yikebe/home/research/AR_Crop_Identification/make_dataset/raw_sentinel/pm5/pm5__20201105_20201124__0119	2020-11-11	723540.00000000,3803973.00000000,724308.00000000,3804741.00000000
train	002442	lower__20201112_165342_44_2274_3B_AnalyticMS_SR_8b_clip	pm5__20201105_20201124__0119	/scrfs/storage/yikebe/home/research/AR_Crop_Identification/make_dataset/raw_sentinel/pm5/pm5__20201105_20201124__0119	2020-11-11	728916.00000000,3803973.00000000,729684.00000000,3804741.00000000
train	002458	lower__20201112_165342_44_2274_3B_AnalyticMS_SR_8b_clip	pm5__20201105_20201124__0119	/scrfs/storage/yikebe/home/research/AR_Crop_Identification/make_dataset/raw_sentinel/pm5/pm5__20201105_20201124__0119	2020-11-11	714324.00000000,3803205.00000000,715092.00000000,3803973.00000000
train	002474	lower__20201112_165342_44_2274_3B_AnalyticMS_SR_8b_clip	pm5__20201105_20201124__0119	/scrfs/storage/yikebe/home/research/AR_Crop_Identification/make_dataset/raw_sentinel/pm5/pm5__20201105_20201124__0119	2020-11-11	730452.00000000,3801669.00000000,731220.00000000,3802437.00000000
train	002490	lower__20201112_165342_44_2274_3B_AnalyticMS_SR_8b_clip	pm5__20201105_20201124__0119	/scrfs/storage/yikebe/home/research/AR_Crop_Identification/make_dataset/raw_sentinel/pm5/pm5__20201105_20201124__0119	2020-11-11	726612.00000000,3797829.00000000,727380.00000000,3798597.00000000
train	002506	lower__20201112_165504_12_2412_3B_AnalyticMS_SR_8b_clip	pm5__20201105_20201124__0067	/scrfs/storage/yikebe/home/research/AR_Crop_Identification/make_dataset/raw_sentinel/pm5/pm5__20201105_20201124__0067	2020-11-11	611973.00000000,3797139.00000000,612741.00000000,3797907.00000000
train	002522	lower__20201112_165504_12_2412_3B_AnalyticMS_SR_8b_clip	pm5__20201105_20201124__0067	/scrfs/storage/yikebe/home/research/AR_Crop_Identification/make_dataset/raw_sentinel/pm5/pm5__20201105_20201124__0067	2020-11-11	612741.00000000,3794835.00000000,613509.00000000,3795603.00000000
train	002538	lower__20201112_165504_12_2412_3B_AnalyticMS_SR_8b_clip	pm5__20201105_20201124__0067	/scrfs/storage/yikebe/home/research/AR_Crop_Identification/make_dataset/raw_sentinel/pm5/pm5__20201105_20201124__0067	2020-11-11	611205.00000000,3792531.00000000,611973.00000000,3793299.00000000
train	002554	lower__20201112_165749_60_227c_3B_AnalyticMS_SR_8b_clip	pm5__20201105_20201124__0076	/scrfs/storage/yikebe/home/research/AR_Crop_Identification/make_dataset/raw_sentinel/pm5/pm5__20201105_20201124__0076	2020-11-11	628131.00000000,3840906.00000000,628899.00000000,3841674.00000000
train	002570	lower__20201112_165749_60_227c_3B_AnalyticMS_SR_8b_clip	pm5__20201105_20201124__0076	/scrfs/storage/yikebe/home/research/AR_Crop_Identification/make_dataset/raw_sentinel/pm5/pm5__20201105_20201124__0076	2020-11-11	631203.00000000,3837066.00000000,631971.00000000,3837834.00000000
train	002586	lower__20201112_165749_60_227c_3B_AnalyticMS_SR_8b_clip	pm5__20201105_20201124__0076	/scrfs/storage/yikebe/home/research/AR_Crop_Identification/make_dataset/raw_sentinel/pm5/pm5__20201105_20201124__0076	2020-11-11	629667.00000000,3836298.00000000,630435.00000000,3837066.00000000
train	002602	lower__20201112_165749_60_227c_3B_AnalyticMS_SR_8b_clip	pm5__20201105_20201124__0076	/scrfs/storage/yikebe/home/research/AR_Crop_Identification/make_dataset/raw_sentinel/pm5/pm5__20201105_20201124__0076	2020-11-11	629667.00000000,3832458.00000000,630435.00000000,3833226.00000000
train	002618	lower__20201112_165749_60_227c_3B_AnalyticMS_SR_8b_clip	pm5__20201105_20201124__0076	/scrfs/storage/yikebe/home/research/AR_Crop_Identification/make_dataset/raw_sentinel/pm5/pm5__20201105_20201124__0076	2020-11-11	619683.00000000,3830154.00000000,620451.00000000,3830922.00000000
train	002634	lower__20201112_165749_60_227c_3B_AnalyticMS_SR_8b_clip	pm5__20201105_20201124__0076	/scrfs/storage/yikebe/home/research/AR_Crop_Identification/make_dataset/raw_sentinel/pm5/pm5__20201105_20201124__0076	2020-11-11	627363.00000000,3829386.00000000,628131.00000000,3830154.00000000
train	002650	lower__20201112_165749_60_227c_3B_AnalyticMS_SR_8b_clip	pm5__20201105_20201124__0076	/scrfs/storage/yikebe/home/research/AR_Crop_Identification/make_dataset/raw_sentinel/pm5/pm5__20201105_20201124__0076	2020-11-11	628131.00000000,3829386.00000000,628899.00000000,3830154.00000000
train	002666	lower__20201112_165749_60_227c_3B_AnalyticMS_SR_8b_clip	pm5__20201105_20201124__0076	/scrfs/storage/yikebe/home/research/AR_Crop_Identification/make_dataset/raw_sentinel/pm5/pm5__20201105_20201124__0076	2020-11-11	629667.00000000,3828618.00000000,630435.00000000,3829386.00000000
train	002682	lower__20201112_165749_60_227c_3B_AnalyticMS_SR_8b_clip	pm5__20201105_20201124__0076	/scrfs/storage/yikebe/home/research/AR_Crop_Identification/make_dataset/raw_sentinel/pm5/pm5__20201105_20201124__0076	2020-11-11	629667.00000000,3827850.00000000,630435.00000000,3828618.00000000
train	002698	lower__20201112_165749_60_227c_3B_AnalyticMS_SR_8b_clip	pm5__20201105_20201124__0076	/scrfs/storage/yikebe/home/research/AR_Crop_Identification/make_dataset/raw_sentinel/pm5/pm5__20201105_20201124__0076	2020-11-11	628131.00000000,3826314.00000000,628899.00000000,3827082.00000000
train	002714	lower__20201112_165749_60_227c_3B_AnalyticMS_SR_8b_clip	pm5__20201105_20201124__0076	/scrfs/storage/yikebe/home/research/AR_Crop_Identification/make_dataset/raw_sentinel/pm5/pm5__20201105_20201124__0076	2020-11-11	626595.00000000,3825546.00000000,627363.00000000,3826314.00000000
train	002730	lower__20201112_165749_60_227c_3B_AnalyticMS_SR_8b_clip	pm5__20201105_20201124__0076	/scrfs/storage/yikebe/home/research/AR_Crop_Identification/make_dataset/raw_sentinel/pm5/pm5__20201105_20201124__0076	2020-11-11	628131.00000000,3824778.00000000,628899.00000000,3825546.00000000
val	000010	lower__20201115_155914_58_2212_3B_AnalyticMS_SR_8b_clip	pm5__20201105_20201124__0119	/scrfs/storage/yikebe/home/research/AR_Crop_Identification/make_dataset/raw_sentinel/pm5/pm5__20201105_20201124__0119	2020-11-11	712152.00000000,3703578.00000000,712920.00000000,3704346.00000000
val	000026	lower__20201115_155914_58_2212_3B_AnalyticMS_SR_8b_clip	pm5__20201105_20201124__0119	/scrfs/storage/yikebe/home/research/AR_Crop_Identification/make_dataset/raw_sentinel/pm5/pm5__20201105_20201124__0119	2020-11-11	714456.00000000,3699738.00000000,715224.00000000,3700506.00000000
val	000042	lower__20201115_155914_58_2212_3B_AnalyticMS_SR_8b_clip	pm5__20201105_20201124__0119	/scrfs/storage/yikebe/home/research/AR_Crop_Identification/make_dataset/raw_sentinel/pm5/pm5__20201105_20201124__0119	2020-11-11	702936.00000000,3697434.00000000,703704.00000000,3698202.00000000
val	000058	lower__20201115_155914_58_2212_3B_AnalyticMS_SR_8b_clip	pm5__20201105_20201124__0119	/scrfs/storage/yikebe/home/research/AR_Crop_Identification/make_dataset/raw_sentinel/pm5/pm5__20201105_20201124__0119	2020-11-11	703704.00000000,3697434.00000000,704472.00000000,3698202.00000000
val	000074	lower__20201115_155914_58_2212_3B_AnalyticMS_SR_8b_clip	pm5__20201105_20201124__0119	/scrfs/storage/yikebe/home/research/AR_Crop_Identification/make_dataset/raw_sentinel/pm5/pm5__20201105_20201124__0119	2020-11-11	702936.00000000,3696666.00000000,703704.00000000,3697434.00000000
val	000090	lower__20201115_155914_58_2212_3B_AnalyticMS_SR_8b_clip	pm5__20201105_20201124__0119	/scrfs/storage/yikebe/home/research/AR_Crop_Identification/make_dataset/raw_sentinel/pm5/pm5__20201105_20201124__0119	2020-11-11	703704.00000000,3696666.00000000,704472.00000000,3697434.00000000
val	000106	lower__20201115_155914_58_2212_3B_AnalyticMS_SR_8b_clip	pm5__20201105_20201124__0119	/scrfs/storage/yikebe/home/research/AR_Crop_Identification/make_dataset/raw_sentinel/pm5/pm5__20201105_20201124__0119	2020-11-11	715992.00000000,3696666.00000000,716760.00000000,3697434.00000000
train	002746	lower__20201115_165230_40_241c_3B_AnalyticMS_SR_8b_clip	pm5__20201105_20201124__0139	/scrfs/storage/yikebe/home/research/AR_Crop_Identification/make_dataset/raw_sentinel/pm5/pm5__20201105_20201124__0139	2020-11-11	742581.00000000,3839634.00000000,743349.00000000,3840402.00000000
train	002762	lower__20201115_165230_40_241c_3B_AnalyticMS_SR_8b_clip	pm5__20201105_20201124__0139	/scrfs/storage/yikebe/home/research/AR_Crop_Identification/make_dataset/raw_sentinel/pm5/pm5__20201105_20201124__0139	2020-11-11	747189.00000000,3839634.00000000,747957.00000000,3840402.00000000
train	002778	lower__20201115_165230_40_241c_3B_AnalyticMS_SR_8b_clip	pm5__20201105_20201124__0139	/scrfs/storage/yikebe/home/research/AR_Crop_Identification/make_dataset/raw_sentinel/pm5/pm5__20201105_20201124__0139	2020-11-11	748725.00000000,3838866.00000000,749493.00000000,3839634.00000000
train	002794	lower__20201115_165230_40_241c_3B_AnalyticMS_SR_8b_clip	pm5__20201105_20201124__0139	/scrfs/storage/yikebe/home/research/AR_Crop_Identification/make_dataset/raw_sentinel/pm5/pm5__20201105_20201124__0139	2020-11-11	750261.00000000,3838866.00000000,751029.00000000,3839634.00000000
train	002810	lower__20201115_165230_40_241c_3B_AnalyticMS_SR_8b_clip	pm5__20201105_20201124__0139	/scrfs/storage/yikebe/home/research/AR_Crop_Identification/make_dataset/raw_sentinel/pm5/pm5__20201105_20201124__0139	2020-11-11	751029.00000000,3838866.00000000,751797.00000000,3839634.00000000
train	002826	lower__20201115_165230_40_241c_3B_AnalyticMS_SR_8b_clip	pm5__20201105_20201124__0139	/scrfs/storage/yikebe/home/research/AR_Crop_Identification/make_dataset/raw_sentinel/pm5/pm5__20201105_20201124__0139	2020-11-11	749493.00000000,3838098.00000000,750261.00000000,3838866.00000000
train	002842	lower__20201115_165446_82_2254_3B_AnalyticMS_SR_8b_clip	pm5__20201105_20201124__0100	/scrfs/storage/yikebe/home/research/AR_Crop_Identification/make_dataset/raw_sentinel/pm5/pm5__20201105_20201124__0100	2020-11-11	693009.00000000,3801318.00000000,693777.00000000,3802086.00000000
train	002858	lower__20201115_165446_82_2254_3B_AnalyticMS_SR_8b_clip	pm5__20201105_20201124__0100	/scrfs/storage/yikebe/home/research/AR_Crop_Identification/make_dataset/raw_sentinel/pm5/pm5__20201105_20201124__0100	2020-11-11	692241.00000000,3799014.00000000,693009.00000000,3799782.00000000
train	002874	lower__20201115_165446_82_2254_3B_AnalyticMS_SR_8b_clip	pm5__20201105_20201124__0100	/scrfs/storage/yikebe/home/research/AR_Crop_Identification/make_dataset/raw_sentinel/pm5/pm5__20201105_20201124__0100	2020-11-11	683793.00000000,3795174.00000000,684561.00000000,3795942.00000000
train	002890	lower__20201115_165446_82_2254_3B_AnalyticMS_SR_8b_clip	pm5__20201105_20201124__0100	/scrfs/storage/yikebe/home/research/AR_Crop_Identification/make_dataset/raw_sentinel/pm5/pm5__20201105_20201124__0100	2020-11-11	686097.00000000,3790566.00000000,686865.00000000,3791334.00000000
train	002906	lower__20201115_165446_82_2254_3B_AnalyticMS_SR_8b_clip	pm5__20201105_20201124__0100	/scrfs/storage/yikebe/home/research/AR_Crop_Identification/make_dataset/raw_sentinel/pm5/pm5__20201105_20201124__0100	2020-11-11	687633.00000000,3788262.00000000,688401.00000000,3789030.00000000
train	002922	lower__20201116_160017_80_2257_3B_AnalyticMS_SR_8b_clip	pm5__20201105_20201124__0133	/scrfs/storage/yikebe/home/research/AR_Crop_Identification/make_dataset/raw_sentinel/pm5/pm5__20201105_20201124__0133	2020-11-21	767307.00000000,3764151.00000000,768075.00000000,3764919.00000000
train	002938	lower__20201116_160017_80_2257_3B_AnalyticMS_SR_8b_clip	pm5__20201105_20201124__0133	/scrfs/storage/yikebe/home/research/AR_Crop_Identification/make_dataset/raw_sentinel/pm5/pm5__20201105_20201124__0133	2020-11-21	760395.00000000,3751863.00000000,761163.00000000,3752631.00000000
train	002954	lower__20201116_160017_80_2257_3B_AnalyticMS_SR_8b_clip	pm5__20201105_20201124__0133	/scrfs/storage/yikebe/home/research/AR_Crop_Identification/make_dataset/raw_sentinel/pm5/pm5__20201105_20201124__0133	2020-11-21	734283.00000000,3751095.00000000,735051.00000000,3751863.00000000
train	002970	lower__20201116_160017_80_2257_3B_AnalyticMS_SR_8b_clip	pm5__20201105_20201124__0133	/scrfs/storage/yikebe/home/research/AR_Crop_Identification/make_dataset/raw_sentinel/pm5/pm5__20201105_20201124__0133	2020-11-21	735051.00000000,3751095.00000000,735819.00000000,3751863.00000000
train	002986	lower__20201116_160017_80_2257_3B_AnalyticMS_SR_8b_clip	pm5__20201105_20201124__0133	/scrfs/storage/yikebe/home/research/AR_Crop_Identification/make_dataset/raw_sentinel/pm5/pm5__20201105_20201124__0133	2020-11-21	760395.00000000,3750327.00000000,761163.00000000,3751095.00000000
train	003002	lower__20201116_160017_80_2257_3B_AnalyticMS_SR_8b_clip	pm5__20201105_20201124__0133	/scrfs/storage/yikebe/home/research/AR_Crop_Identification/make_dataset/raw_sentinel/pm5/pm5__20201105_20201124__0133	2020-11-21	762699.00000000,3749559.00000000,763467.00000000,3750327.00000000
train	003018	lower__20201116_160017_80_2257_3B_AnalyticMS_SR_8b_clip	pm5__20201105_20201124__0133	/scrfs/storage/yikebe/home/research/AR_Crop_Identification/make_dataset/raw_sentinel/pm5/pm5__20201105_20201124__0133	2020-11-21	763467.00000000,3749559.00000000,764235.00000000,3750327.00000000
train	003034	lower__20201116_160017_80_2257_3B_AnalyticMS_SR_8b_clip	pm5__20201105_20201124__0133	/scrfs/storage/yikebe/home/research/AR_Crop_Identification/make_dataset/raw_sentinel/pm5/pm5__20201105_20201124__0133	2020-11-21	759627.00000000,3747255.00000000,760395.00000000,3748023.00000000
train	003050	lower__20201116_160046_10_2206_3B_AnalyticMS_SR_8b_clip	pm5__20201105_20201124__0099	/scrfs/storage/yikebe/home/research/AR_Crop_Identification/make_dataset/raw_sentinel/pm5/pm5__20201105_20201124__0099	2020-11-19	662049.00000000,3740898.00000000,662817.00000000,3741666.00000000
train	003066	lower__20201116_160046_10_2206_3B_AnalyticMS_SR_8b_clip	pm5__20201105_20201124__0099	/scrfs/storage/yikebe/home/research/AR_Crop_Identification/make_dataset/raw_sentinel/pm5/pm5__20201105_20201124__0099	2020-11-19	658977.00000000,3732450.00000000,659745.00000000,3733218.00000000
train	003082	lower__20201116_160046_10_2206_3B_AnalyticMS_SR_8b_clip	pm5__20201105_20201124__0099	/scrfs/storage/yikebe/home/research/AR_Crop_Identification/make_dataset/raw_sentinel/pm5/pm5__20201105_20201124__0099	2020-11-19	662049.00000000,3732450.00000000,662817.00000000,3733218.00000000
train	003098	lower__20201116_160046_10_2206_3B_AnalyticMS_SR_8b_clip	pm5__20201105_20201124__0099	/scrfs/storage/yikebe/home/research/AR_Crop_Identification/make_dataset/raw_sentinel/pm5/pm5__20201105_20201124__0099	2020-11-19	662817.00000000,3732450.00000000,663585.00000000,3733218.00000000
train	003114	lower__20201116_160046_10_2206_3B_AnalyticMS_SR_8b_clip	pm5__20201105_20201124__0099	/scrfs/storage/yikebe/home/research/AR_Crop_Identification/make_dataset/raw_sentinel/pm5/pm5__20201105_20201124__0099	2020-11-19	662049.00000000,3730146.00000000,662817.00000000,3730914.00000000
train	003130	lower__20201116_160046_10_2206_3B_AnalyticMS_SR_8b_clip	pm5__20201105_20201124__0099	/scrfs/storage/yikebe/home/research/AR_Crop_Identification/make_dataset/raw_sentinel/pm5/pm5__20201105_20201124__0099	2020-11-19	661281.00000000,3728610.00000000,662049.00000000,3729378.00000000
train	003146	lower__20201116_160046_10_2206_3B_AnalyticMS_SR_8b_clip	pm5__20201105_20201124__0099	/scrfs/storage/yikebe/home/research/AR_Crop_Identification/make_dataset/raw_sentinel/pm5/pm5__20201105_20201124__0099	2020-11-19	661281.00000000,3727842.00000000,662049.00000000,3728610.00000000
train	003162	lower__20201116_160046_10_2206_3B_AnalyticMS_SR_8b_clip	pm5__20201105_20201124__0099	/scrfs/storage/yikebe/home/research/AR_Crop_Identification/make_dataset/raw_sentinel/pm5/pm5__20201105_20201124__0099	2020-11-19	661281.00000000,3725538.00000000,662049.00000000,3726306.00000000
train	003178	lower__20201116_160046_10_2206_3B_AnalyticMS_SR_8b_clip	pm5__20201105_20201124__0099	/scrfs/storage/yikebe/home/research/AR_Crop_Identification/make_dataset/raw_sentinel/pm5/pm5__20201105_20201124__0099	2020-11-19	662049.00000000,3725538.00000000,662817.00000000,3726306.00000000
train	003194	lower__20201116_160046_10_2206_3B_AnalyticMS_SR_8b_clip	pm5__20201105_20201124__0099	/scrfs/storage/yikebe/home/research/AR_Crop_Identification/make_dataset/raw_sentinel/pm5/pm5__20201105_20201124__0099	2020-11-19	660513.00000000,3724770.00000000,661281.00000000,3725538.00000000
train	003210	lower__20201116_160046_10_2206_3B_AnalyticMS_SR_8b_clip	pm5__20201105_20201124__0099	/scrfs/storage/yikebe/home/research/AR_Crop_Identification/make_dataset/raw_sentinel/pm5/pm5__20201105_20201124__0099	2020-11-19	661281.00000000,3724770.00000000,662049.00000000,3725538.00000000
train	003226	lower__20201116_160046_10_2206_3B_AnalyticMS_SR_8b_clip	pm5__20201105_20201124__0099	/scrfs/storage/yikebe/home/research/AR_Crop_Identification/make_dataset/raw_sentinel/pm5/pm5__20201105_20201124__0099	2020-11-19	662049.00000000,3724770.00000000,662817.00000000,3725538.00000000
train	003242	lower__20201116_160046_10_2206_3B_AnalyticMS_SR_8b_clip	pm5__20201105_20201124__0099	/scrfs/storage/yikebe/home/research/AR_Crop_Identification/make_dataset/raw_sentinel/pm5/pm5__20201105_20201124__0099	2020-11-19	660513.00000000,3724002.00000000,661281.00000000,3724770.00000000
train	003258	lower__20201116_160046_10_2206_3B_AnalyticMS_SR_8b_clip	pm5__20201105_20201124__0099	/scrfs/storage/yikebe/home/research/AR_Crop_Identification/make_dataset/raw_sentinel/pm5/pm5__20201105_20201124__0099	2020-11-19	662049.00000000,3724002.00000000,662817.00000000,3724770.00000000
train	003274	lower__20201116_160046_10_2206_3B_AnalyticMS_SR_8b_clip	pm5__20201105_20201124__0099	/scrfs/storage/yikebe/home/research/AR_Crop_Identification/make_dataset/raw_sentinel/pm5/pm5__20201105_20201124__0099	2020-11-19	661281.00000000,3723234.00000000,662049.00000000,3724002.00000000
train	003290	lower__20201116_160046_10_2206_3B_AnalyticMS_SR_8b_clip	pm5__20201105_20201124__0099	/scrfs/storage/yikebe/home/research/AR_Crop_Identification/make_dataset/raw_sentinel/pm5/pm5__20201105_20201124__0099	2020-11-19	662049.00000000,3723234.00000000,662817.00000000,3724002.00000000
train	003306	lower__20201116_160822_26_227e_3B_AnalyticMS_SR_8b_clip	pm5__20201105_20201124__0089	/scrfs/storage/yikebe/home/research/AR_Crop_Identification/make_dataset/raw_sentinel/pm5/pm5__20201105_20201124__0089	2020-11-14	646056.00000000,3660327.00000000,646824.00000000,3661095.00000000
train	003322	lower__20201117_160546_14_2280_3B_AnalyticMS_SR_8b_clip	pm5__20201105_20201124__0117	/scrfs/storage/yikebe/home/research/AR_Crop_Identification/make_dataset/raw_sentinel/pm5/pm5__20201105_20201124__0117	2020-11-21	701400.00000000,3676047.00000000,702168.00000000,3676815.00000000
train	003338	lower__20201117_160546_14_2280_3B_AnalyticMS_SR_8b_clip	pm5__20201105_20201124__0117	/scrfs/storage/yikebe/home/research/AR_Crop_Identification/make_dataset/raw_sentinel/pm5/pm5__20201105_20201124__0117	2020-11-21	711384.00000000,3673743.00000000,712152.00000000,3674511.00000000
train	003354	lower__20201117_160546_14_2280_3B_AnalyticMS_SR_8b_clip	pm5__20201105_20201124__0117	/scrfs/storage/yikebe/home/research/AR_Crop_Identification/make_dataset/raw_sentinel/pm5/pm5__20201105_20201124__0117	2020-11-21	710616.00000000,3672207.00000000,711384.00000000,3672975.00000000
train	003370	lower__20201117_160546_14_2280_3B_AnalyticMS_SR_8b_clip	pm5__20201105_20201124__0117	/scrfs/storage/yikebe/home/research/AR_Crop_Identification/make_dataset/raw_sentinel/pm5/pm5__20201105_20201124__0117	2020-11-21	714456.00000000,3672207.00000000,715224.00000000,3672975.00000000
train	003386	lower__20201117_160546_14_2280_3B_AnalyticMS_SR_8b_clip	pm5__20201105_20201124__0117	/scrfs/storage/yikebe/home/research/AR_Crop_Identification/make_dataset/raw_sentinel/pm5/pm5__20201105_20201124__0117	2020-11-21	710616.00000000,3671439.00000000,711384.00000000,3672207.00000000
train	003402	lower__20201117_160546_14_2280_3B_AnalyticMS_SR_8b_clip	pm5__20201105_20201124__0117	/scrfs/storage/yikebe/home/research/AR_Crop_Identification/make_dataset/raw_sentinel/pm5/pm5__20201105_20201124__0117	2020-11-21	712152.00000000,3671439.00000000,712920.00000000,3672207.00000000
train	003418	lower__20201117_160546_14_2280_3B_AnalyticMS_SR_8b_clip	pm5__20201105_20201124__0117	/scrfs/storage/yikebe/home/research/AR_Crop_Identification/make_dataset/raw_sentinel/pm5/pm5__20201105_20201124__0117	2020-11-21	706008.00000000,3669903.00000000,706776.00000000,3670671.00000000
train	003434	lower__20201117_160546_14_2280_3B_AnalyticMS_SR_8b_clip	pm5__20201105_20201124__0117	/scrfs/storage/yikebe/home/research/AR_Crop_Identification/make_dataset/raw_sentinel/pm5/pm5__20201105_20201124__0117	2020-11-21	703704.00000000,3666831.00000000,704472.00000000,3667599.00000000
train	003450	lower__20201117_160546_14_2280_3B_AnalyticMS_SR_8b_clip	pm5__20201105_20201124__0117	/scrfs/storage/yikebe/home/research/AR_Crop_Identification/make_dataset/raw_sentinel/pm5/pm5__20201105_20201124__0117	2020-11-21	702936.00000000,3666063.00000000,703704.00000000,3666831.00000000
train	003466	lower__20201117_160546_14_2280_3B_AnalyticMS_SR_8b_clip	pm5__20201105_20201124__0117	/scrfs/storage/yikebe/home/research/AR_Crop_Identification/make_dataset/raw_sentinel/pm5/pm5__20201105_20201124__0117	2020-11-21	703704.00000000,3666063.00000000,704472.00000000,3666831.00000000
train	003482	lower__20201117_160546_14_2280_3B_AnalyticMS_SR_8b_clip	pm5__20201105_20201124__0117	/scrfs/storage/yikebe/home/research/AR_Crop_Identification/make_dataset/raw_sentinel/pm5/pm5__20201105_20201124__0117	2020-11-21	696792.00000000,3665295.00000000,697560.00000000,3666063.00000000
train	003498	lower__20201117_160546_14_2280_3B_AnalyticMS_SR_8b_clip	pm5__20201105_20201124__0117	/scrfs/storage/yikebe/home/research/AR_Crop_Identification/make_dataset/raw_sentinel/pm5/pm5__20201105_20201124__0117	2020-11-21	702168.00000000,3665295.00000000,702936.00000000,3666063.00000000
train	003514	lower__20201117_160546_14_2280_3B_AnalyticMS_SR_8b_clip	pm5__20201105_20201124__0117	/scrfs/storage/yikebe/home/research/AR_Crop_Identification/make_dataset/raw_sentinel/pm5/pm5__20201105_20201124__0117	2020-11-21	714456.00000000,3665295.00000000,715224.00000000,3666063.00000000
train	003530	lower__20201117_160546_14_2280_3B_AnalyticMS_SR_8b_clip	pm5__20201105_20201124__0117	/scrfs/storage/yikebe/home/research/AR_Crop_Identification/make_dataset/raw_sentinel/pm5/pm5__20201105_20201124__0117	2020-11-21	702936.00000000,3662223.00000000,703704.00000000,3662991.00000000
train	003546	lower__20201117_160546_14_2280_3B_AnalyticMS_SR_8b_clip	pm5__20201105_20201124__0117	/scrfs/storage/yikebe/home/research/AR_Crop_Identification/make_dataset/raw_sentinel/pm5/pm5__20201105_20201124__0117	2020-11-21	703704.00000000,3662223.00000000,704472.00000000,3662991.00000000
train	003562	lower__20201117_160546_14_2280_3B_AnalyticMS_SR_8b_clip	pm5__20201105_20201124__0117	/scrfs/storage/yikebe/home/research/AR_Crop_Identification/make_dataset/raw_sentinel/pm5/pm5__20201105_20201124__0117	2020-11-21	703704.00000000,3661455.00000000,704472.00000000,3662223.00000000
train	003578	lower__20201117_160546_14_2280_3B_AnalyticMS_SR_8b_clip	pm5__20201105_20201124__0117	/scrfs/storage/yikebe/home/research/AR_Crop_Identification/make_dataset/raw_sentinel/pm5/pm5__20201105_20201124__0117	2020-11-21	693720.00000000,3657615.00000000,694488.00000000,3658383.00000000
train	003594	lower__20201117_160546_14_2280_3B_AnalyticMS_SR_8b_clip	pm5__20201105_20201124__0117	/scrfs/storage/yikebe/home/research/AR_Crop_Identification/make_dataset/raw_sentinel/pm5/pm5__20201105_20201124__0117	2020-11-21	696792.00000000,3656847.00000000,697560.00000000,3657615.00000000
train	003610	lower__20201117_165341_44_2414_3B_AnalyticMS_SR_8b_clip	pm5__20201105_20201124__0092	/scrfs/storage/yikebe/home/research/AR_Crop_Identification/make_dataset/raw_sentinel/pm5/pm5__20201105_20201124__0092	2020-11-19	629565.00000000,3846027.00000000,630333.00000000,3846795.00000000
train	003626	lower__20201117_165341_44_2414_3B_AnalyticMS_SR_8b_clip	pm5__20201105_20201124__0092	/scrfs/storage/yikebe/home/research/AR_Crop_Identification/make_dataset/raw_sentinel/pm5/pm5__20201105_20201124__0092	2020-11-19	658749.00000000,3845259.00000000,659517.00000000,3846027.00000000
train	003642	lower__20201117_165341_44_2414_3B_AnalyticMS_SR_8b_clip	pm5__20201105_20201124__0092	/scrfs/storage/yikebe/home/research/AR_Crop_Identification/make_dataset/raw_sentinel/pm5/pm5__20201105_20201124__0092	2020-11-19	658749.00000000,3844491.00000000,659517.00000000,3845259.00000000
train	003658	lower__20201118_160507_98_2264_3B_AnalyticMS_SR_8b_clip	pm5__20201105_20201124__0119	/scrfs/storage/yikebe/home/research/AR_Crop_Identification/make_dataset/raw_sentinel/pm5/pm5__20201105_20201124__0119	2020-11-21	726834.00000000,3778089.00000000,727602.00000000,3778857.00000000
train	003674	lower__20201118_160847_35_2441_3B_AnalyticMS_SR_8b_clip	pm5__20201105_20201124__0076	/scrfs/storage/yikebe/home/research/AR_Crop_Identification/make_dataset/raw_sentinel/pm5/pm5__20201105_20201124__0076	2020-11-19	630492.00000000,3715833.00000000,631260.00000000,3716601.00000000
train	003690	lower__20201118_160847_35_2441_3B_AnalyticMS_SR_8b_clip	pm5__20201105_20201124__0076	/scrfs/storage/yikebe/home/research/AR_Crop_Identification/make_dataset/raw_sentinel/pm5/pm5__20201105_20201124__0076	2020-11-19	630492.00000000,3715065.00000000,631260.00000000,3715833.00000000
train	003706	lower__20201119_160545_19_2271_3B_AnalyticMS_SR_8b_clip	pm5__20201105_20201124__0102	/scrfs/storage/yikebe/home/research/AR_Crop_Identification/make_dataset/raw_sentinel/pm5/pm5__20201105_20201124__0102	2020-11-19	681060.00000000,3797979.00000000,681828.00000000,3798747.00000000
train	003722	lower__20201119_164756_94_240a_3B_AnalyticMS_SR_8b_clip	pm5__20201105_20201124__0132	/scrfs/storage/yikebe/home/research/AR_Crop_Identification/make_dataset/raw_sentinel/pm5/pm5__20201105_20201124__0132	2020-11-21	740235.00000000,3721032.00000000,741003.00000000,3721800.00000000
train	003738	lower__20201119_164756_94_240a_3B_AnalyticMS_SR_8b_clip	pm5__20201105_20201124__0132	/scrfs/storage/yikebe/home/research/AR_Crop_Identification/make_dataset/raw_sentinel/pm5/pm5__20201105_20201124__0132	2020-11-21	741003.00000000,3721032.00000000,741771.00000000,3721800.00000000
train	003754	lower__20201119_164756_94_240a_3B_AnalyticMS_SR_8b_clip	pm5__20201105_20201124__0132	/scrfs/storage/yikebe/home/research/AR_Crop_Identification/make_dataset/raw_sentinel/pm5/pm5__20201105_20201124__0132	2020-11-21	741771.00000000,3720264.00000000,742539.00000000,3721032.00000000
train	003770	lower__20201119_164756_94_240a_3B_AnalyticMS_SR_8b_clip	pm5__20201105_20201124__0132	/scrfs/storage/yikebe/home/research/AR_Crop_Identification/make_dataset/raw_sentinel/pm5/pm5__20201105_20201124__0132	2020-11-21	744075.00000000,3719496.00000000,744843.00000000,3720264.00000000
train	003786	lower__20201119_164756_94_240a_3B_AnalyticMS_SR_8b_clip	pm5__20201105_20201124__0132	/scrfs/storage/yikebe/home/research/AR_Crop_Identification/make_dataset/raw_sentinel/pm5/pm5__20201105_20201124__0132	2020-11-21	744843.00000000,3719496.00000000,745611.00000000,3720264.00000000
train	003802	lower__20201119_164756_94_240a_3B_AnalyticMS_SR_8b_clip	pm5__20201105_20201124__0132	/scrfs/storage/yikebe/home/research/AR_Crop_Identification/make_dataset/raw_sentinel/pm5/pm5__20201105_20201124__0132	2020-11-21	751755.00000000,3719496.00000000,752523.00000000,3720264.00000000
train	003818	lower__20201119_164756_94_240a_3B_AnalyticMS_SR_8b_clip	pm5__20201105_20201124__0132	/scrfs/storage/yikebe/home/research/AR_Crop_Identification/make_dataset/raw_sentinel/pm5/pm5__20201105_20201124__0132	2020-11-21	744075.00000000,3718728.00000000,744843.00000000,3719496.00000000
train	003834	lower__20201119_164756_94_240a_3B_AnalyticMS_SR_8b_clip	pm5__20201105_20201124__0132	/scrfs/storage/yikebe/home/research/AR_Crop_Identification/make_dataset/raw_sentinel/pm5/pm5__20201105_20201124__0132	2020-11-21	744843.00000000,3718728.00000000,745611.00000000,3719496.00000000
train	003850	lower__20201119_164756_94_240a_3B_AnalyticMS_SR_8b_clip	pm5__20201105_20201124__0132	/scrfs/storage/yikebe/home/research/AR_Crop_Identification/make_dataset/raw_sentinel/pm5/pm5__20201105_20201124__0132	2020-11-21	745611.00000000,3718728.00000000,746379.00000000,3719496.00000000
train	003866	lower__20201119_164756_94_240a_3B_AnalyticMS_SR_8b_clip	pm5__20201105_20201124__0132	/scrfs/storage/yikebe/home/research/AR_Crop_Identification/make_dataset/raw_sentinel/pm5/pm5__20201105_20201124__0132	2020-11-21	757131.00000000,3718728.00000000,757899.00000000,3719496.00000000
train	003882	lower__20201119_164756_94_240a_3B_AnalyticMS_SR_8b_clip	pm5__20201105_20201124__0132	/scrfs/storage/yikebe/home/research/AR_Crop_Identification/make_dataset/raw_sentinel/pm5/pm5__20201105_20201124__0132	2020-11-21	728715.00000000,3717960.00000000,729483.00000000,3718728.00000000
train	003898	lower__20201119_164756_94_240a_3B_AnalyticMS_SR_8b_clip	pm5__20201105_20201124__0132	/scrfs/storage/yikebe/home/research/AR_Crop_Identification/make_dataset/raw_sentinel/pm5/pm5__20201105_20201124__0132	2020-11-21	744843.00000000,3717960.00000000,745611.00000000,3718728.00000000
train	003914	lower__20201119_164756_94_240a_3B_AnalyticMS_SR_8b_clip	pm5__20201105_20201124__0132	/scrfs/storage/yikebe/home/research/AR_Crop_Identification/make_dataset/raw_sentinel/pm5/pm5__20201105_20201124__0132	2020-11-21	745611.00000000,3717960.00000000,746379.00000000,3718728.00000000
train	003930	lower__20201119_164756_94_240a_3B_AnalyticMS_SR_8b_clip	pm5__20201105_20201124__0132	/scrfs/storage/yikebe/home/research/AR_Crop_Identification/make_dataset/raw_sentinel/pm5/pm5__20201105_20201124__0132	2020-11-21	746379.00000000,3717960.00000000,747147.00000000,3718728.00000000
train	003946	lower__20201119_164756_94_240a_3B_AnalyticMS_SR_8b_clip	pm5__20201105_20201124__0132	/scrfs/storage/yikebe/home/research/AR_Crop_Identification/make_dataset/raw_sentinel/pm5/pm5__20201105_20201124__0132	2020-11-21	757131.00000000,3717960.00000000,757899.00000000,3718728.00000000
train	003962	lower__20201119_164756_94_240a_3B_AnalyticMS_SR_8b_clip	pm5__20201105_20201124__0132	/scrfs/storage/yikebe/home/research/AR_Crop_Identification/make_dataset/raw_sentinel/pm5/pm5__20201105_20201124__0132	2020-11-21	728715.00000000,3717192.00000000,729483.00000000,3717960.00000000
train	003978	lower__20201119_164756_94_240a_3B_AnalyticMS_SR_8b_clip	pm5__20201105_20201124__0132	/scrfs/storage/yikebe/home/research/AR_Crop_Identification/make_dataset/raw_sentinel/pm5/pm5__20201105_20201124__0132	2020-11-21	729483.00000000,3717192.00000000,730251.00000000,3717960.00000000
train	003994	lower__20201119_164756_94_240a_3B_AnalyticMS_SR_8b_clip	pm5__20201105_20201124__0132	/scrfs/storage/yikebe/home/research/AR_Crop_Identification/make_dataset/raw_sentinel/pm5/pm5__20201105_20201124__0132	2020-11-21	744075.00000000,3717192.00000000,744843.00000000,3717960.00000000
train	004010	lower__20201119_164756_94_240a_3B_AnalyticMS_SR_8b_clip	pm5__20201105_20201124__0132	/scrfs/storage/yikebe/home/research/AR_Crop_Identification/make_dataset/raw_sentinel/pm5/pm5__20201105_20201124__0132	2020-11-21	730251.00000000,3716424.00000000,731019.00000000,3717192.00000000
train	004026	lower__20201119_164756_94_240a_3B_AnalyticMS_SR_8b_clip	pm5__20201105_20201124__0132	/scrfs/storage/yikebe/home/research/AR_Crop_Identification/make_dataset/raw_sentinel/pm5/pm5__20201105_20201124__0132	2020-11-21	731019.00000000,3716424.00000000,731787.00000000,3717192.00000000
train	004042	lower__20201119_164756_94_240a_3B_AnalyticMS_SR_8b_clip	pm5__20201105_20201124__0132	/scrfs/storage/yikebe/home/research/AR_Crop_Identification/make_dataset/raw_sentinel/pm5/pm5__20201105_20201124__0132	2020-11-21	734091.00000000,3716424.00000000,734859.00000000,3717192.00000000
train	004058	lower__20201119_164756_94_240a_3B_AnalyticMS_SR_8b_clip	pm5__20201105_20201124__0132	/scrfs/storage/yikebe/home/research/AR_Crop_Identification/make_dataset/raw_sentinel/pm5/pm5__20201105_20201124__0132	2020-11-21	749451.00000000,3716424.00000000,750219.00000000,3717192.00000000
train	004074	lower__20201119_164756_94_240a_3B_AnalyticMS_SR_8b_clip	pm5__20201105_20201124__0132	/scrfs/storage/yikebe/home/research/AR_Crop_Identification/make_dataset/raw_sentinel/pm5/pm5__20201105_20201124__0132	2020-11-21	750219.00000000,3716424.00000000,750987.00000000,3717192.00000000
train	004090	lower__20201119_164756_94_240a_3B_AnalyticMS_SR_8b_clip	pm5__20201105_20201124__0132	/scrfs/storage/yikebe/home/research/AR_Crop_Identification/make_dataset/raw_sentinel/pm5/pm5__20201105_20201124__0132	2020-11-21	758667.00000000,3716424.00000000,759435.00000000,3717192.00000000
train	004106	lower__20201119_164756_94_240a_3B_AnalyticMS_SR_8b_clip	pm5__20201105_20201124__0132	/scrfs/storage/yikebe/home/research/AR_Crop_Identification/make_dataset/raw_sentinel/pm5/pm5__20201105_20201124__0132	2020-11-21	730251.00000000,3715656.00000000,731019.00000000,3716424.00000000
train	004122	lower__20201119_164756_94_240a_3B_AnalyticMS_SR_8b_clip	pm5__20201105_20201124__0132	/scrfs/storage/yikebe/home/research/AR_Crop_Identification/make_dataset/raw_sentinel/pm5/pm5__20201105_20201124__0132	2020-11-21	731019.00000000,3715656.00000000,731787.00000000,3716424.00000000
train	004138	lower__20201119_164756_94_240a_3B_AnalyticMS_SR_8b_clip	pm5__20201105_20201124__0132	/scrfs/storage/yikebe/home/research/AR_Crop_Identification/make_dataset/raw_sentinel/pm5/pm5__20201105_20201124__0132	2020-11-21	732555.00000000,3715656.00000000,733323.00000000,3716424.00000000
train	004154	lower__20201119_164756_94_240a_3B_AnalyticMS_SR_8b_clip	pm5__20201105_20201124__0132	/scrfs/storage/yikebe/home/research/AR_Crop_Identification/make_dataset/raw_sentinel/pm5/pm5__20201105_20201124__0132	2020-11-21	734859.00000000,3715656.00000000,735627.00000000,3716424.00000000
train	004170	lower__20201119_164756_94_240a_3B_AnalyticMS_SR_8b_clip	pm5__20201105_20201124__0132	/scrfs/storage/yikebe/home/research/AR_Crop_Identification/make_dataset/raw_sentinel/pm5/pm5__20201105_20201124__0132	2020-11-21	749451.00000000,3715656.00000000,750219.00000000,3716424.00000000
train	004186	lower__20201119_164756_94_240a_3B_AnalyticMS_SR_8b_clip	pm5__20201105_20201124__0132	/scrfs/storage/yikebe/home/research/AR_Crop_Identification/make_dataset/raw_sentinel/pm5/pm5__20201105_20201124__0132	2020-11-21	750219.00000000,3715656.00000000,750987.00000000,3716424.00000000
train	004202	lower__20201119_164756_94_240a_3B_AnalyticMS_SR_8b_clip	pm5__20201105_20201124__0132	/scrfs/storage/yikebe/home/research/AR_Crop_Identification/make_dataset/raw_sentinel/pm5/pm5__20201105_20201124__0132	2020-11-21	730251.00000000,3714888.00000000,731019.00000000,3715656.00000000
train	004218	lower__20201119_164756_94_240a_3B_AnalyticMS_SR_8b_clip	pm5__20201105_20201124__0132	/scrfs/storage/yikebe/home/research/AR_Crop_Identification/make_dataset/raw_sentinel/pm5/pm5__20201105_20201124__0132	2020-11-21	731019.00000000,3714888.00000000,731787.00000000,3715656.00000000
train	004234	lower__20201119_164756_94_240a_3B_AnalyticMS_SR_8b_clip	pm5__20201105_20201124__0132	/scrfs/storage/yikebe/home/research/AR_Crop_Identification/make_dataset/raw_sentinel/pm5/pm5__20201105_20201124__0132	2020-11-21	731787.00000000,3714888.00000000,732555.00000000,3715656.00000000
train	004250	lower__20201119_164756_94_240a_3B_AnalyticMS_SR_8b_clip	pm5__20201105_20201124__0132	/scrfs/storage/yikebe/home/research/AR_Crop_Identification/make_dataset/raw_sentinel/pm5/pm5__20201105_20201124__0132	2020-11-21	732555.00000000,3714888.00000000,733323.00000000,3715656.00000000
train	004266	lower__20201119_164756_94_240a_3B_AnalyticMS_SR_8b_clip	pm5__20201105_20201124__0132	/scrfs/storage/yikebe/home/research/AR_Crop_Identification/make_dataset/raw_sentinel/pm5/pm5__20201105_20201124__0132	2020-11-21	734859.00000000,3714888.00000000,735627.00000000,3715656.00000000
train	004282	lower__20201119_164756_94_240a_3B_AnalyticMS_SR_8b_clip	pm5__20201105_20201124__0132	/scrfs/storage/yikebe/home/research/AR_Crop_Identification/make_dataset/raw_sentinel/pm5/pm5__20201105_20201124__0132	2020-11-21	754827.00000000,3714888.00000000,755595.00000000,3715656.00000000
train	004298	lower__20201119_164756_94_240a_3B_AnalyticMS_SR_8b_clip	pm5__20201105_20201124__0132	/scrfs/storage/yikebe/home/research/AR_Crop_Identification/make_dataset/raw_sentinel/pm5/pm5__20201105_20201124__0132	2020-11-21	731019.00000000,3714120.00000000,731787.00000000,3714888.00000000
train	004314	lower__20201119_164756_94_240a_3B_AnalyticMS_SR_8b_clip	pm5__20201105_20201124__0132	/scrfs/storage/yikebe/home/research/AR_Crop_Identification/make_dataset/raw_sentinel/pm5/pm5__20201105_20201124__0132	2020-11-21	732555.00000000,3714120.00000000,733323.00000000,3714888.00000000
train	004330	lower__20201119_164756_94_240a_3B_AnalyticMS_SR_8b_clip	pm5__20201105_20201124__0132	/scrfs/storage/yikebe/home/research/AR_Crop_Identification/make_dataset/raw_sentinel/pm5/pm5__20201105_20201124__0132	2020-11-21	753291.00000000,3714120.00000000,754059.00000000,3714888.00000000
train	004346	lower__20201119_164756_94_240a_3B_AnalyticMS_SR_8b_clip	pm5__20201105_20201124__0132	/scrfs/storage/yikebe/home/research/AR_Crop_Identification/make_dataset/raw_sentinel/pm5/pm5__20201105_20201124__0132	2020-11-21	733323.00000000,3713352.00000000,734091.00000000,3714120.00000000
train	004362	lower__20201119_164756_94_240a_3B_AnalyticMS_SR_8b_clip	pm5__20201105_20201124__0132	/scrfs/storage/yikebe/home/research/AR_Crop_Identification/make_dataset/raw_sentinel/pm5/pm5__20201105_20201124__0132	2020-11-21	727947.00000000,3712584.00000000,728715.00000000,3713352.00000000
train	004378	lower__20201119_164756_94_240a_3B_AnalyticMS_SR_8b_clip	pm5__20201105_20201124__0132	/scrfs/storage/yikebe/home/research/AR_Crop_Identification/make_dataset/raw_sentinel/pm5/pm5__20201105_20201124__0132	2020-11-21	726411.00000000,3711048.00000000,727179.00000000,3711816.00000000
train	004394	lower__20201119_164756_94_240a_3B_AnalyticMS_SR_8b_clip	pm5__20201105_20201124__0132	/scrfs/storage/yikebe/home/research/AR_Crop_Identification/make_dataset/raw_sentinel/pm5/pm5__20201105_20201124__0132	2020-11-21	726411.00000000,3710280.00000000,727179.00000000,3711048.00000000
train	004410	lower__20201119_164756_94_240a_3B_AnalyticMS_SR_8b_clip	pm5__20201105_20201124__0132	/scrfs/storage/yikebe/home/research/AR_Crop_Identification/make_dataset/raw_sentinel/pm5/pm5__20201105_20201124__0132	2020-11-21	743307.00000000,3710280.00000000,744075.00000000,3711048.00000000
train	004426	lower__20201119_164756_94_240a_3B_AnalyticMS_SR_8b_clip	pm5__20201105_20201124__0132	/scrfs/storage/yikebe/home/research/AR_Crop_Identification/make_dataset/raw_sentinel/pm5/pm5__20201105_20201124__0132	2020-11-21	744075.00000000,3710280.00000000,744843.00000000,3711048.00000000
train	004442	lower__20201119_164756_94_240a_3B_AnalyticMS_SR_8b_clip	pm5__20201105_20201124__0132	/scrfs/storage/yikebe/home/research/AR_Crop_Identification/make_dataset/raw_sentinel/pm5/pm5__20201105_20201124__0132	2020-11-21	752523.00000000,3709512.00000000,753291.00000000,3710280.00000000
train	004458	lower__20201119_164756_94_240a_3B_AnalyticMS_SR_8b_clip	pm5__20201105_20201124__0132	/scrfs/storage/yikebe/home/research/AR_Crop_Identification/make_dataset/raw_sentinel/pm5/pm5__20201105_20201124__0132	2020-11-21	734091.00000000,3708744.00000000,734859.00000000,3709512.00000000
train	004474	lower__20201119_164756_94_240a_3B_AnalyticMS_SR_8b_clip	pm5__20201105_20201124__0132	/scrfs/storage/yikebe/home/research/AR_Crop_Identification/make_dataset/raw_sentinel/pm5/pm5__20201105_20201124__0132	2020-11-21	761739.00000000,3708744.00000000,762507.00000000,3709512.00000000
train	004490	lower__20201119_164756_94_240a_3B_AnalyticMS_SR_8b_clip	pm5__20201105_20201124__0132	/scrfs/storage/yikebe/home/research/AR_Crop_Identification/make_dataset/raw_sentinel/pm5/pm5__20201105_20201124__0132	2020-11-21	726411.00000000,3707976.00000000,727179.00000000,3708744.00000000
train	004506	lower__20201119_164756_94_240a_3B_AnalyticMS_SR_8b_clip	pm5__20201105_20201124__0132	/scrfs/storage/yikebe/home/research/AR_Crop_Identification/make_dataset/raw_sentinel/pm5/pm5__20201105_20201124__0132	2020-11-21	731787.00000000,3707976.00000000,732555.00000000,3708744.00000000
train	004522	lower__20201119_164756_94_240a_3B_AnalyticMS_SR_8b_clip	pm5__20201105_20201124__0132	/scrfs/storage/yikebe/home/research/AR_Crop_Identification/make_dataset/raw_sentinel/pm5/pm5__20201105_20201124__0132	2020-11-21	731019.00000000,3707208.00000000,731787.00000000,3707976.00000000
train	004538	lower__20201119_164756_94_240a_3B_AnalyticMS_SR_8b_clip	pm5__20201105_20201124__0132	/scrfs/storage/yikebe/home/research/AR_Crop_Identification/make_dataset/raw_sentinel/pm5/pm5__20201105_20201124__0132	2020-11-21	731787.00000000,3707208.00000000,732555.00000000,3707976.00000000
train	004554	lower__20201119_164756_94_240a_3B_AnalyticMS_SR_8b_clip	pm5__20201105_20201124__0132	/scrfs/storage/yikebe/home/research/AR_Crop_Identification/make_dataset/raw_sentinel/pm5/pm5__20201105_20201124__0132	2020-11-21	732555.00000000,3707208.00000000,733323.00000000,3707976.00000000
train	004570	lower__20201119_164756_94_240a_3B_AnalyticMS_SR_8b_clip	pm5__20201105_20201124__0132	/scrfs/storage/yikebe/home/research/AR_Crop_Identification/make_dataset/raw_sentinel/pm5/pm5__20201105_20201124__0132	2020-11-21	734091.00000000,3706440.00000000,734859.00000000,3707208.00000000
train	004586	lower__20201119_164756_94_240a_3B_AnalyticMS_SR_8b_clip	pm5__20201105_20201124__0132	/scrfs/storage/yikebe/home/research/AR_Crop_Identification/make_dataset/raw_sentinel/pm5/pm5__20201105_20201124__0132	2020-11-21	741771.00000000,3706440.00000000,742539.00000000,3707208.00000000
train	004602	lower__20201119_164756_94_240a_3B_AnalyticMS_SR_8b_clip	pm5__20201105_20201124__0132	/scrfs/storage/yikebe/home/research/AR_Crop_Identification/make_dataset/raw_sentinel/pm5/pm5__20201105_20201124__0132	2020-11-21	734091.00000000,3705672.00000000,734859.00000000,3706440.00000000
train	004618	lower__20201119_164756_94_240a_3B_AnalyticMS_SR_8b_clip	pm5__20201105_20201124__0132	/scrfs/storage/yikebe/home/research/AR_Crop_Identification/make_dataset/raw_sentinel/pm5/pm5__20201105_20201124__0132	2020-11-21	741771.00000000,3705672.00000000,742539.00000000,3706440.00000000
train	004634	lower__20201119_164756_94_240a_3B_AnalyticMS_SR_8b_clip	pm5__20201105_20201124__0132	/scrfs/storage/yikebe/home/research/AR_Crop_Identification/make_dataset/raw_sentinel/pm5/pm5__20201105_20201124__0132	2020-11-21	754827.00000000,3705672.00000000,755595.00000000,3706440.00000000
train	004650	lower__20201119_164756_94_240a_3B_AnalyticMS_SR_8b_clip	pm5__20201105_20201124__0132	/scrfs/storage/yikebe/home/research/AR_Crop_Identification/make_dataset/raw_sentinel/pm5/pm5__20201105_20201124__0132	2020-11-21	737163.00000000,3704904.00000000,737931.00000000,3705672.00000000
train	004666	lower__20201119_164756_94_240a_3B_AnalyticMS_SR_8b_clip	pm5__20201105_20201124__0132	/scrfs/storage/yikebe/home/research/AR_Crop_Identification/make_dataset/raw_sentinel/pm5/pm5__20201105_20201124__0132	2020-11-21	741003.00000000,3704904.00000000,741771.00000000,3705672.00000000
train	004682	lower__20201119_165057_21_227b_3B_AnalyticMS_SR_8b_clip	pm5__20201105_20201124__0138	/scrfs/storage/yikebe/home/research/AR_Crop_Identification/make_dataset/raw_sentinel/pm5/pm5__20201105_20201124__0138	2020-11-21	757917.00000000,3671328.00000000,758685.00000000,3672096.00000000
train	004698	lower__20201119_165057_21_227b_3B_AnalyticMS_SR_8b_clip	pm5__20201105_20201124__0138	/scrfs/storage/yikebe/home/research/AR_Crop_Identification/make_dataset/raw_sentinel/pm5/pm5__20201105_20201124__0138	2020-11-21	756381.00000000,3665952.00000000,757149.00000000,3666720.00000000
train	004714	lower__20201119_165457_47_2416_3B_AnalyticMS_SR_8b_clip	pm5__20201105_20201124__0076	/scrfs/storage/yikebe/home/research/AR_Crop_Identification/make_dataset/raw_sentinel/pm5/pm5__20201105_20201124__0076	2020-11-19	625047.00000000,3733233.00000000,625815.00000000,3734001.00000000
train	004730	lower__20201119_165809_61_227a_3B_AnalyticMS_SR_8b_clip	pm5__20201105_20201124__0057	/scrfs/storage/yikebe/home/research/AR_Crop_Identification/make_dataset/raw_sentinel/pm5/pm5__20201105_20201124__0057	2020-11-19	600993.00000000,3779385.00000000,601761.00000000,3780153.00000000
